path,module,priority,size_kb,emoji,sections,learningObjectives,exercises,references,etymology,needs_upgrade
002-markdown/013-SubscriptSuperscript.md,002-markdown,P0,4.4,0,1,False,False,False,False,True
002-markdown/002-HeadingSyntax.md,002-markdown,P0,4.5,0,1,False,False,False,False,True
002-markdown/004-BasicTextFormat.md,002-markdown,P0,4.8,0,0,False,False,False,False,True
002-markdown/020-AnchorJump.md,002-markdown,P0,4.8,0,1,False,False,False,False,True
002-markdown/011-AutoLink.md,002-markdown,P0,4.9,0,1,False,False,False,False,True
002-markdown/019-AutoTOC.md,002-markdown,P0,4.9,0,0,False,False,False,False,True
002-markdown/003-ParagraphLineBreak.md,002-markdown,P0,4.9,0,0,False,False,False,False,True
002-markdown/008-EscapeCharacter.md,002-markdown,P0,5.1,0,3,False,False,False,False,True
002-markdown/009-Footnote.md,002-markdown,P0,5.1,0,0,False,False,False,False,True
002-markdown/025-SpecDocumentWriting.md,002-markdown,P0,5.1,0,2,False,False,False,False,True
002-markdown/012-Emoji.md,002-markdown,P0,5.2,0,0,False,False,False,False,True
002-markdown/014-LaTeXMathFormula.md,002-markdown,P0,5.8,0,0,False,False,False,False,True
002-markdown/022-VCSPRCollaboration.md,002-markdown,P0,5.9,0,1,False,False,False,False,True
002-markdown/021-ImageCDNAcceleration.md,002-markdown,P0,6.0,0,1,False,False,False,False,True
002-markdown/018-ConversionTool.md,002-markdown,P0,6.2,0,0,False,False,False,False,True
002-markdown/016-EditorFeature.md,002-markdown,P0,6.3,0,0,False,False,False,False,True
002-markdown/005-CommonMarkSpec.md,002-markdown,P0,6.3,0,1,False,False,False,False,True
002-markdown/017-LinkImage.md,002-markdown,P0,6.6,0,1,False,False,False,False,True
002-markdown/007-GitHubFlavoredMarkdown.md,002-markdown,P0,7.2,0,1,False,False,False,False,True
002-markdown/015-Mermaid.md,002-markdown,P0,7.9,0,0,False,False,False,False,True
002-markdown/023-CodeBlockSyntaxHighlight.md,002-markdown,P0,8.3,0,1,False,False,False,False,True
002-markdown/024-Table.md,002-markdown,P0,9.0,0,0,False,False,False,False,True
002-markdown/006-ListSyntax.md,002-markdown,P0,9.1,0,0,False,False,False,False,True
002-markdown/026-AdvancedSyntaxDocumentAutomation.md,002-markdown,P0,9.8,0,3,False,False,False,False,True
002-markdown/010-Strikethrough.md,002-markdown,P0,12.7,0,11,True,True,True,True,True
002-markdown/001-SyntaxGuide.md,002-markdown,P0,23.7,0,3,False,False,False,False,True
006-html5/017-ProgressMeter.md,006-html5,P0,1.9,0,0,False,False,False,False,True
006-html5/026-MicrodataJSONLD.md,006-html5,P0,2.1,0,0,False,False,False,False,True
006-html5/023-HistoryAPI.md,006-html5,P0,2.1,0,2,False,False,False,False,True
006-html5/014-AudioVideo.md,006-html5,P0,2.1,0,0,False,False,False,False,True
006-html5/020-Geolocation.md,006-html5,P0,2.2,0,0,False,False,False,False,True
006-html5/024-WebSocket.md,006-html5,P0,2.3,0,2,False,False,False,False,True
006-html5/029-ViewportConfigMobileFirst.md,006-html5,P0,2.4,0,0,False,False,False,False,True
006-html5/019-DragAPI.md,006-html5,P0,2.4,0,0,False,False,False,False,True
006-html5/021-WebWorkers.md,006-html5,P0,2.4,0,1,False,False,False,False,True
006-html5/022-ServiceWorkerPWA.md,006-html5,P0,2.6,0,1,False,False,False,False,True
006-html5/010-TextSemantic.md,006-html5,P0,2.7,0,0,False,False,False,False,True
006-html5/015-SVG.md,006-html5,P0,2.7,0,0,False,False,False,False,True
006-html5/009-MetadataCharacterEncoding.md,006-html5,P0,3.3,0,1,False,False,False,False,True
006-html5/007-DocTypeDeclaration.md,006-html5,P0,3.6,0,1,False,False,False,False,True
006-html5/018-WebComponentsPWADevelopment.md,006-html5,P0,11.3,0,2,False,False,False,False,True
006-html5/011-List.md,006-html5,P0,12.9,0,12,True,True,True,True,True
006-html5/003-SemanticTag.md,006-html5,P0,13.0,0,1,False,False,False,False,True
006-html5/012-LinkageAnchor.md,006-html5,P0,13.0,0,11,True,True,True,True,True
006-html5/004-Accessibility.md,006-html5,P0,13.2,0,0,False,False,False,False,True
006-html5/001-HTML5OverviewCoreFeature.md,006-html5,P0,19.0,0,1,False,False,False,False,True
006-html5/002-HTML5BasicTagGlobalAttribute.md,006-html5,P0,19.5,0,0,False,False,False,False,True
006-html5/008-HTML5OfflineStorageWebAPI.md,006-html5,P0,24.1,0,1,False,False,False,False,True
006-html5/006-HTML5MultimediaCanvasDrawing.md,006-html5,P0,25.1,0,1,False,False,False,False,True
006-html5/030-HTML5ProjectExampleInteractiveFormApplication.md,006-html5,P0,29.0,0,0,False,False,False,False,True
006-html5/005-HTML5FormValidation.md,006-html5,P0,31.4,0,1,False,False,False,False,True
006-html5/028-CrossDocumentCommunication.md,006-html5,P0,50.6,0,12,False,False,False,False,True
006-html5/013-ImageResponsiveImage.md,006-html5,P0,52.0,0,12,False,False,False,False,True
006-html5/027-CustomDataAttribute.md,006-html5,P0,52.4,0,12,False,False,False,False,True
006-html5/016-EmbeddedContent.md,006-html5,P0,73.8,0,12,False,False,False,False,True
006-html5/025-WebRTC.md,006-html5,P0,76.1,0,12,False,False,False,False,True
007-css/008-StyleSheetImportMethod.md,007-css,P0,1.3,0,0,False,False,False,False,True
007-css/025-CascadeLayer.md,007-css,P0,1.4,0,0,False,False,False,False,True
007-css/021-MobileAdaptation.md,007-css,P0,1.4,0,0,False,False,False,False,True
007-css/029-LessStylus.md,007-css,P0,1.7,0,0,False,False,False,False,True
007-css/031-PostCSS.md,007-css,P0,1.9,0,0,False,False,False,False,True
007-css/027-ScrollSnap.md,007-css,P0,1.9,0,1,False,False,False,False,True
007-css/032-BEMNamingMethodology.md,007-css,P0,1.9,0,1,False,False,False,False,True
007-css/036-CSSNativeNesting.md,007-css,P0,2.0,0,0,False,False,False,False,True
007-css/034-CSSModules.md,007-css,P0,2.0,0,0,False,False,False,False,True
007-css/033-CSSAtomic.md,007-css,P0,2.0,0,0,False,False,False,False,True
007-css/028-Sass.md,007-css,P0,2.1,0,0,False,False,False,False,True
007-css/006-PseudoClassPseudoElement.md,007-css,P0,2.1,0,0,False,False,False,False,True
007-css/035-CriticalRenderPathOptimization.md,007-css,P0,2.1,0,0,False,False,False,False,True
007-css/026-LogicalProperty.md,007-css,P0,2.2,0,0,False,False,False,False,True
007-css/030-ResponsiveDesign.md,007-css,P0,4.1,0,2,False,False,False,False,True
007-css/044-ResponsiveImage.md,007-css,P0,6.2,0,0,False,False,False,False,True
007-css/041-CSSNewFeatures.md,007-css,P0,7.3,0,0,False,False,False,False,True
007-css/043-HTMLSemanticSEO.md,007-css,P0,7.7,0,0,False,False,False,False,True
007-css/042-CSSPerformanceOptimizationDetailed.md,007-css,P0,7.9,0,1,False,False,False,False,True
007-css/039-CSSArchitectureMethodology.md,007-css,P0,7.9,0,2,False,False,False,False,True
007-css/012-StackingContext.md,007-css,P0,8.5,0,3,False,False,False,False,True
007-css/014-Shadow.md,007-css,P0,10.3,0,11,True,True,True,True,True
007-css/024-FeatureQuery.md,007-css,P0,10.4,0,11,True,True,True,True,True
007-css/022-Function.md,007-css,P0,10.4,0,11,True,True,True,True,True
007-css/040-CSSTheoryKnowledge.md,007-css,P0,10.8,0,1,False,False,False,False,True
007-css/010-PositionDetailed.md,007-css,P0,11.0,0,11,True,True,True,True,True
007-css/023-CSSVariableCustomAttribute.md,007-css,P0,11.0,0,0,False,False,False,False,True
007-css/019-MediaQuery.md,007-css,P0,11.3,0,11,True,True,True,True,True
007-css/018-BorderRadius.md,007-css,P0,11.6,0,12,True,True,True,True,True
007-css/038-CSSInJS.md,007-css,P0,11.6,0,2,False,False,False,False,True
007-css/017-CSSAnimationTransition.md,007-css,P0,12.1,0,0,False,False,False,False,True
007-css/002-CSS3BoxModelDetailed.md,007-css,P0,14.8,0,1,False,False,False,False,True
007-css/004-TraditionalLayoutTech.md,007-css,P0,17.3,0,3,False,False,False,False,True
007-css/037-CSSCanvasDrawing.md,007-css,P0,17.5,0,1,False,False,False,False,True
007-css/011-FloatClear.md,007-css,P0,17.9,0,12,True,True,True,True,False
007-css/001-CSS3OverviewBasicSyntax.md,007-css,P0,19.0,0,3,False,False,False,False,True
007-css/003-CSS3SelectorSystem.md,007-css,P0,22.9,0,0,False,False,False,False,True
007-css/005-CSS3FlexboxFlexLayout.md,007-css,P0,24.6,0,2,False,False,False,False,True
007-css/016-CSS3GridGridLayout.md,007-css,P0,24.9,0,0,False,False,False,False,True
007-css/045-CSSProjectExampleResponsiveHomepage.md,007-css,P0,26.6,0,0,False,False,False,False,True
007-css/009-MarginCollapse.md,007-css,P0,61.1,0,12,False,False,False,False,True
007-css/020-ContainerQuery.md,007-css,P0,63.1,0,12,False,False,False,False,True
007-css/007-PriorityCalculation.md,007-css,P0,70.3,0,12,False,False,False,False,True
007-css/013-Gradient.md,007-css,P0,72.0,0,12,False,False,False,False,True
007-css/015-BackgroundEnhancement.md,007-css,P0,89.6,0,12,False,False,False,False,True
008-javascript/002-ProgramStructureBasicSyntax.md,008-javascript,P0,20.3,0,2,False,False,False,False,True
008-javascript/003-VariableDataType.md,008-javascript,P0,20.3,0,2,False,False,False,False,True
008-javascript/042-JavaScriptPrototypeInheritance.md,008-javascript,P0,20.5,0,6,False,False,False,False,True
008-javascript/050-JavaScriptProjectExampleTodoApp.md,008-javascript,P0,22.7,0,2,False,False,False,False,True
008-javascript/027-DOMOperationEvent.md,008-javascript,P0,22.8,0,1,False,False,False,False,True
008-javascript/004-DataTypeOperator.md,008-javascript,P0,30.2,0,4,False,False,False,False,True
008-javascript/048-TypicalProjectPractice.md,008-javascript,P0,32.9,0,2,False,False,False,False,True
008-javascript/025-RecordsTuples.md,008-javascript,P0,38.3,0,12,False,False,False,False,True
008-javascript/016-FunctionScopeClosure.md,008-javascript,P0,43.9,0,12,False,False,False,False,True
008-javascript/023-IteratorHelper.md,008-javascript,P0,44.4,0,12,False,False,False,False,True
008-javascript/006-HigherOrderFunction.md,008-javascript,P0,45.8,0,12,False,False,False,False,True
008-javascript/039-ArrayHigherOrderMethod.md,008-javascript,P0,47.2,0,12,False,False,False,False,True
008-javascript/037-DeepShallowCopy.md,008-javascript,P0,50.0,0,12,False,False,False,False,True
008-javascript/033-EventLoopDetailed.md,008-javascript,P0,50.7,0,12,False,False,False,False,True
008-javascript/046-WebAPIBrowserInterface.md,008-javascript,P0,50.9,0,12,False,False,False,False,True
008-javascript/005-ControlFlow.md,008-javascript,P0,52.5,0,12,False,False,False,False,True
008-javascript/036-ES6NewFeatures.md,008-javascript,P0,52.6,0,12,False,False,False,False,True
008-javascript/018-CrossDocumentMessaging.md,008-javascript,P0,54.3,0,11,True,True,True,True,False
008-javascript/049-NodeJsAdvancedFeaturePerformanceOptimization.md,008-javascript,P0,55.9,0,12,False,False,False,False,True
008-javascript/031-ClosureMemoryLeakOptimization.md,008-javascript,P0,57.6,0,12,False,False,False,False,True
008-javascript/032-PrototypeChainClassEssence.md,008-javascript,P0,58.0,0,12,False,False,False,False,True
008-javascript/044-ErrorBoundaryGlobalErrorCatch.md,008-javascript,P0,58.4,0,12,False,False,False,False,True
008-javascript/045-MemoryLeakTroubleshoot.md,008-javascript,P0,59.2,0,12,False,False,False,False,True
008-javascript/030-AsyncProgramming.md,008-javascript,P0,59.8,0,12,False,False,False,False,True
008-javascript/028-JavaScriptLatestFeature.md,008-javascript,P0,61.2,0,12,False,False,False,False,True
008-javascript/012-EventLoop.md,008-javascript,P0,62.2,0,11,True,True,True,True,False
008-javascript/043-Regex.md,008-javascript,P0,62.8,0,12,False,False,False,False,True
008-javascript/041-ModuleDynamicImportCodeSplitting.md,008-javascript,P0,63.1,0,12,False,False,False,False,True
008-javascript/029-JavaScriptModular.md,008-javascript,P0,63.3,0,11,False,False,False,False,True
008-javascript/013-ES2018RegExpNamedCaptureGroups.md,008-javascript,P0,63.8,0,12,True,True,True,True,False
008-javascript/022-TemporalJavaScriptAPI.md,008-javascript,P0,65.6,0,10,True,True,True,True,False
008-javascript/001-JavaScriptOverviewRuntimeEnv.md,008-javascript,P0,67.5,0,12,False,False,False,False,True
008-javascript/008-CurryAndFunctionComposition.md,008-javascript,P0,70.5,0,11,True,True,True,True,False
008-javascript/009-CoroutinesInJavaScript.md,008-javascript,P0,71.1,0,11,True,True,True,True,False
008-javascript/015-UnicodePropertyEscape.md,008-javascript,P0,71.8,0,12,True,True,True,True,False
008-javascript/047-DebugPerformanceOptimization.md,008-javascript,P0,71.9,0,12,False,False,False,False,True
008-javascript/035-AsyncConcurrencyControl.md,008-javascript,P0,72.8,0,12,False,False,False,False,True
008-javascript/026-ObjectArray.md,008-javascript,P0,74.0,0,12,False,False,False,False,True
008-javascript/021-IndexedDBADatabaseInYourBrowser.md,008-javascript,P0,74.2,0,11,True,True,True,True,False
008-javascript/034-PromiseStaticMethod.md,008-javascript,P0,74.6,0,12,False,False,False,False,True
008-javascript/011-ObjectReference.md,008-javascript,P0,74.9,0,11,True,True,True,True,False
008-javascript/010-ExploringES6ProxiesAndReflect.md,008-javascript,P0,77.7,0,10,True,True,True,True,False
008-javascript/007-LinearGeneticProgramming.md,008-javascript,P0,82.2,0,10,True,True,True,True,False
008-javascript/020-StorageForTheWeb.md,008-javascript,P0,88.2,0,12,True,True,True,True,False
008-javascript/014-Assert.md,008-javascript,P0,88.5,0,12,False,False,False,False,True
008-javascript/017-ErrorReferenceAndControlFlowAndErrorHandling.md,008-javascript,P0,89.7,0,11,True,True,True,True,False
008-javascript/040-ProxyReflectPractice.md,008-javascript,P0,93.5,0,12,False,False,False,False,True
008-javascript/024-YouDonTKnowJSAsyncPerformance.md,008-javascript,P0,94.2,0,9,True,True,True,True,False
008-javascript/038-DebounceThrottle.md,008-javascript,P0,95.0,0,12,False,False,False,False,True
008-javascript/051-JavaScriptTheory.md,008-javascript,P0,96.1,0,12,True,True,True,True,False
008-javascript/019-ImageOptimization.md,008-javascript,P0,106.7,0,9,True,True,True,True,False
009-typescript/003-InterfaceTypeAlias.md,009-typescript,P0,17.1,0,2,False,False,False,False,True
009-typescript/050-TypeScriptProjectExampleTypeSafeAPIClient.md,009-typescript,P0,17.2,0,1,False,False,False,False,True
009-typescript/001-TypeScriptOverviewEnvSetup.md,009-typescript,P0,22.1,0,3,False,False,False,False,True
009-typescript/004-FunctionGeneric.md,009-typescript,P0,24.3,0,2,False,False,False,False,True
009-typescript/002-BasicTypeSystem.md,009-typescript,P0,25.7,0,3,False,False,False,False,True
009-typescript/015-AdvancedTypeCalculus.md,009-typescript,P0,31.4,0,3,False,False,False,False,True
009-typescript/006-ClassDecorator.md,009-typescript,P0,34.0,0,1,False,False,False,False,True
009-typescript/018-ThisTypePolymorphism.md,009-typescript,P0,38.7,0,12,False,False,False,False,True
009-typescript/039-TypeScriptEngineeringConfig.md,009-typescript,P0,42.2,0,12,False,False,False,False,True
009-typescript/012-DecoratorDetailed.md,009-typescript,P0,44.2,0,12,False,False,False,False,True
009-typescript/020-NamespaceModule.md,009-typescript,P0,46.5,0,12,False,False,False,False,True
009-typescript/023-ConditionalTypeDistribute.md,009-typescript,P0,47.7,0,12,False,False,False,False,True
009-typescript/042-ConditionalTypeInfer.md,009-typescript,P0,47.7,0,12,False,False,False,False,True
009-typescript/007-IntersectionTypeMerge.md,009-typescript,P0,48.0,0,12,False,False,False,False,True
009-typescript/008-TypeGuardCustomGuard.md,009-typescript,P0,48.7,0,12,False,False,False,False,True
009-typescript/043-TypeScriptCompilePerformanceOptimization.md,009-typescript,P0,50.9,0,12,False,False,False,False,True
009-typescript/047-ModuleDeclarationGlobalAugmentation.md,009-typescript,P0,51.1,0,12,False,False,False,False,True
009-typescript/044-MappedTypeKeyRemap.md,009-typescript,P0,52.3,0,12,False,False,False,False,True
009-typescript/019-OnTheRoleOfSymbolicExecutionInTypeSystems.md,009-typescript,P0,52.6,0,10,True,True,True,True,False
009-typescript/032-TypeSafeFormValidation.md,009-typescript,P0,52.7,0,12,False,False,False,False,True
009-typescript/022-UtilityTypePrinciple.md,009-typescript,P0,53.6,0,7,False,False,False,False,True
009-typescript/011-GenericConstraintDefault.md,009-typescript,P0,54.2,0,12,False,False,False,False,True
009-typescript/021-EnumAdvanced.md,009-typescript,P0,56.7,0,12,False,False,False,False,True
009-typescript/010-MappedTypeAdvanced.md,009-typescript,P0,57.2,0,10,False,False,False,False,True
009-typescript/026-ConditionalMappedType.md,009-typescript,P0,57.4,0,12,False,False,False,False,True
009-typescript/028-PurelyFunctionalDataStructures.md,009-typescript,P0,58.1,0,10,True,True,True,True,False
009-typescript/034-TypeSafeRoute.md,009-typescript,P0,59.6,0,12,False,False,False,False,True
009-typescript/049-DecoratorStandardImpl.md,009-typescript,P0,59.8,0,12,False,False,False,False,True
009-typescript/036-TypeLevelProgrammingInTypeScript.md,009-typescript,P0,59.9,0,9,True,True,True,True,False
009-typescript/046-TypeGymnastics.md,009-typescript,P0,60.9,0,12,False,False,False,False,True
009-typescript/005-LocalTypeInference.md,009-typescript,P0,61.2,0,6,True,True,True,True,False
009-typescript/009-IndexSignatureDynamicProperty.md,009-typescript,P0,62.9,0,10,False,False,False,False,True
009-typescript/016-OnTheComplexityOfTypeScriptTypeChecking.md,009-typescript,P0,63.7,0,10,True,True,True,True,False
009-typescript/041-TypeScriptMigrationPractice.md,009-typescript,P0,63.7,0,12,False,False,False,False,True
009-typescript/024-ECMAScript2024LanguageSpecification.md,009-typescript,P0,64.8,0,9,True,True,True,True,False
009-typescript/017-CovarianceContravariance.md,009-typescript,P0,67.4,0,12,True,True,True,True,False
009-typescript/038-TypesAndProgrammingLanguages.md,009-typescript,P0,67.7,0,11,True,True,True,True,False
009-typescript/027-TypeScriptTypeDeclarationModuleResolution.md,009-typescript,P0,68.9,0,12,True,True,True,True,False
009-typescript/033-TypeSafeI18n.md,009-typescript,P0,69.5,0,8,False,False,False,False,True
009-typescript/031-TypeSafeEnvVar.md,009-typescript,P0,71.6,0,12,False,False,False,False,True
009-typescript/040-SatisfiesOperator.md,009-typescript,P0,74.3,0,12,False,False,False,False,True
009-typescript/037-ECMAScript2024LanguageSpecificationECMA26215thEdition.md,009-typescript,P0,74.4,0,8,True,True,True,True,False
009-typescript/014-ModuleResolutionInModernJavaScriptToolchains.md,009-typescript,P0,74.4,0,10,True,True,True,True,False
009-typescript/048-TsconfigStrictMode.md,009-typescript,P0,80.4,0,12,False,False,False,False,True
009-typescript/035-TypeScript54ReleaseNotesNoInferUtilityType.md,009-typescript,P0,82.1,0,10,True,True,True,True,False
009-typescript/025-RecursiveTypeDeepOperation.md,009-typescript,P0,82.9,0,12,True,True,True,True,False
009-typescript/051-ATheoryOfTypePolymorphismInProgramming.md,009-typescript,P0,83.4,0,12,True,True,True,True,False
009-typescript/045-TemplateLiteralType.md,009-typescript,P0,84.1,0,12,True,True,True,True,False
009-typescript/029-TypeSafeAPIClient.md,009-typescript,P0,90.9,0,8,False,False,False,False,True
009-typescript/030-TypeSafeStateManagement.md,009-typescript,P0,92.5,0,12,False,False,False,False,True
009-typescript/013-DeclarationFileWriting.md,009-typescript,P0,127.3,0,12,True,True,True,True,False
010-vue3/029-PiniaPersistencePlugin.md,010-vue3,P0,1.9,0,0,False,False,False,False,True
010-vue3/031-VuePerformanceDetailed.md,010-vue3,P0,2.0,0,0,False,False,False,False,True
010-vue3/024-CompositionAPIAdvantageScene.md,010-vue3,P0,2.1,0,1,False,False,False,False,True
010-vue3/025-CustomComposableWrapper.md,010-vue3,P0,2.1,0,0,False,False,False,False,True
010-vue3/005-TeleportSuspense.md,010-vue3,P0,2.1,0,0,False,False,False,False,True
010-vue3/008-CustomDirectiveAdvanced.md,010-vue3,P0,2.2,0,0,False,False,False,False,True
010-vue3/022-ComputedCacheWatchTiming.md,010-vue3,P0,3.2,0,1,False,False,False,False,True
010-vue3/001-OverviewEnv.md,010-vue3,P0,4.9,0,1,False,False,False,False,True
010-vue3/002-Vue3QuickStartGuide.md,010-vue3,P0,6.3,0,0,False,False,False,False,True
010-vue3/003-Vue3TemplateSyntax.md,010-vue3,P0,8.4,0,1,False,False,False,False,True
010-vue3/012-LifecycleHook.md,010-vue3,P0,9.6,0,2,False,False,False,False,True
010-vue3/023-VueRouterDetailed.md,010-vue3,P0,9.6,0,1,False,False,False,False,True
010-vue3/013-Vue3TestStrategy.md,010-vue3,P0,10.0,0,11,True,True,True,True,True
010-vue3/035-Vue3TheoryKnowledge.md,010-vue3,P0,10.2,0,1,False,False,False,False,True
010-vue3/017-CustomHook.md,010-vue3,P0,10.2,0,0,False,False,False,False,True
010-vue3/006-API.md,010-vue3,P0,10.3,0,3,False,False,False,False,True
010-vue3/021-PluginDevelopment.md,010-vue3,P0,10.4,0,2,False,False,False,False,True
010-vue3/020-PiniaStateManagementDetailed.md,010-vue3,P0,10.6,0,1,False,False,False,False,True
010-vue3/009-TransitionAnimation.md,010-vue3,P0,10.7,0,11,True,True,True,True,True
010-vue3/010-Vue3CompileOptimization.md,010-vue3,P0,10.8,0,3,False,False,False,False,True
010-vue3/030-VueRouterNavigationGuard.md,010-vue3,P0,12.1,0,11,True,True,True,True,True
010-vue3/032-PerformanceOptimization.md,010-vue3,P0,12.5,0,0,False,False,False,False,True
010-vue3/027-KeepAliveCacheLifecycle.md,010-vue3,P0,12.9,0,11,True,True,True,True,True
010-vue3/026-TeleportPortalApp.md,010-vue3,P0,13.7,0,12,True,True,True,True,True
010-vue3/016-ReactiveSystem.md,010-vue3,P0,13.8,0,2,False,False,False,False,True
010-vue3/018-ComponentSystem.md,010-vue3,P0,15.4,0,1,False,False,False,False,True
010-vue3/004-Vue3DirectiveSystem.md,010-vue3,P0,16.0,0,0,False,False,False,False,True
010-vue3/019-TypeScriptIntegration.md,010-vue3,P0,16.4,0,1,False,False,False,False,True
010-vue3/034-Vue3ProjectExampleBlog.md,010-vue3,P0,16.4,0,0,False,False,False,False,True
010-vue3/033-Vue3AdvancedComponentFeature.md,010-vue3,P0,17.4,0,0,False,False,False,False,True
010-vue3/014-Vue3WebComponents.md,010-vue3,P0,61.8,0,12,False,False,False,False,True
010-vue3/011-Vue3SSR.md,010-vue3,P0,89.2,0,12,False,False,False,False,True
010-vue3/028-AsyncComponentSuspense.md,010-vue3,P0,90.4,0,12,False,False,False,False,True
010-vue3/015-Vue3PerformancePractice.md,010-vue3,P0,91.3,0,12,False,False,False,False,True
010-vue3/007-ProvideInject.md,010-vue3,P0,102.1,0,12,False,False,False,False,True
011-react/041-NextJsAppRouter.md,011-react,P0,2.2,0,0,False,False,False,False,True
011-react/042-React19NewAPI.md,011-react,P0,2.4,0,0,False,False,False,False,True
011-react/045-CustomHooksReuseLogic.md,011-react,P0,2.6,0,0,False,False,False,False,True
011-react/043-ConcurrentRenderInterruptible.md,011-react,P0,2.6,0,1,False,False,False,False,True
011-react/035-ReactD3.md,011-react,P0,6.1,0,4,False,False,False,False,True
011-react/033-ReactPWA.md,011-react,P0,6.2,0,4,False,False,False,False,True
011-react/022-ReactTest.md,011-react,P0,6.2,0,4,False,False,False,False,True
011-react/025-ReactAnimation.md,011-react,P0,6.2,0,4,False,False,False,False,True
011-react/034-ReactCanvas.md,011-react,P0,6.2,0,4,False,False,False,False,True
011-react/032-ReactAccessibility.md,011-react,P0,6.2,0,4,False,False,False,False,True
011-react/024-ReactI18n.md,011-react,P0,6.2,0,4,False,False,False,False,True
011-react/037-ReactCICD.md,011-react,P0,6.2,0,4,False,False,False,False,True
011-react/031-ReactMicroFrontend.md,011-react,P0,6.2,0,4,False,False,False,False,True
011-react/030-ReactGraphQL.md,011-react,P0,6.2,0,4,False,False,False,False,True
011-react/011-JSXDeepAnalysis.md,011-react,P0,6.2,0,4,False,False,False,False,True
011-react/023-ReactRouteAdvanced.md,011-react,P0,6.2,0,4,False,False,False,False,True
011-react/036-ReactStorybook.md,011-react,P0,6.2,0,4,False,False,False,False,True
011-react/027-ReactDesignPattern.md,011-react,P0,6.2,0,4,False,False,False,False,True
011-react/014-ServerComponents.md,011-react,P0,6.2,0,4,False,False,False,False,True
011-react/020-ReactForm.md,011-react,P0,6.2,0,4,False,False,False,False,True
011-react/029-ReactWebSocket.md,011-react,P0,6.2,0,4,False,False,False,False,True
011-react/038-ReactMonorepo.md,011-react,P0,6.2,0,4,False,False,False,False,True
011-react/019-ReactErrorBoundary.md,011-react,P0,6.2,0,4,False,False,False,False,True
011-react/021-ReactTypeScript.md,011-react,P0,6.2,0,4,False,False,False,False,True
011-react/026-ReactSSR.md,011-react,P0,6.2,0,4,False,False,False,False,True
011-react/028-ReactWebAssembly.md,011-react,P0,6.3,0,4,False,False,False,False,True
011-react/017-StateManagementSolutionComparison.md,011-react,P0,6.3,0,4,False,False,False,False,True
011-react/015-HooksPrinciple.md,011-react,P0,7.9,0,3,False,False,False,False,True
011-react/013-ConcurrentMode.md,011-react,P0,8.3,0,3,False,False,False,False,True
011-react/012-FiberArchitecture.md,011-react,P0,8.3,0,3,False,False,False,False,True
011-react/001-OverviewEnvSetup.md,011-react,P0,9.0,0,2,False,False,False,False,True
011-react/002-ComponentProps.md,011-react,P0,10.7,0,0,False,False,False,False,True
011-react/008-PerformanceOptimization.md,011-react,P0,11.2,0,0,False,False,False,False,True
011-react/003-StateEvent.md,011-react,P0,11.6,0,0,False,False,False,False,True
011-react/005-ContextGlobalState.md,011-react,P0,11.8,0,0,False,False,False,False,True
011-react/006-React19NewFeatures.md,011-react,P0,12.3,0,0,False,False,False,False,True
011-react/004-HooksDeep.md,011-react,P0,13.5,0,1,False,False,False,False,True
011-react/009-TestEngineering.md,011-react,P0,13.5,0,0,False,False,False,False,True
011-react/007-RouteDataFetch.md,011-react,P0,13.9,0,0,False,False,False,False,True
011-react/010-NextJSFullStack.md,011-react,P0,16.4,0,1,False,False,False,False,True
011-react/044-ErrorBoundarySentry.md,011-react,P0,52.0,0,12,False,False,False,False,True
011-react/018-ReactPerformance.md,011-react,P0,54.3,0,12,False,False,False,False,True
011-react/016-CustomHooksDesignPattern.md,011-react,P0,56.5,0,12,False,False,False,False,True
011-react/039-ReactCompilerAutoMemoization.md,011-react,P0,56.6,0,12,False,False,False,False,True
011-react/040-ServerClientComponents.md,011-react,P0,61.8,0,12,False,False,False,False,True
012-svg/007-SVGColorFill.md,012-svg,P0,8.3,0,1,False,False,False,False,True
012-svg/004-SVGBasicShapeDetailed.md,012-svg,P0,8.4,0,1,False,False,False,False,True
012-svg/009-SVGTransformTransform.md,012-svg,P0,9.0,0,2,False,False,False,False,True
012-svg/012-SVGSymbolReuse.md,012-svg,P0,9.0,0,2,False,False,False,False,True
012-svg/016-SVGResponsivePerformance.md,012-svg,P0,9.5,0,1,False,False,False,False,True
012-svg/014-SVGCSSStyling.md,012-svg,P0,9.9,0,1,False,False,False,False,True
012-svg/011-SVGClipMask.md,012-svg,P0,10.0,0,2,False,False,False,False,True
012-svg/008-SVGGradientPattern.md,012-svg,P0,10.4,0,1,False,False,False,False,True
012-svg/010-SVGFilterDetailed.md,012-svg,P0,11.1,0,2,False,False,False,False,True
012-svg/013-SVGAnimationBasics.md,012-svg,P0,11.6,0,2,False,False,False,False,True
012-svg/015-SVGJavaScriptInteraction.md,012-svg,P0,11.7,0,1,False,False,False,False,True
012-svg/017-SVGIconAccessibility.md,012-svg,P0,13.8,0,1,False,False,False,False,True
012-svg/018-SVGPracticeProject.md,012-svg,P0,22.8,0,2,False,False,False,False,True
012-svg/002-SVGBasicSyntaxDocStructure.md,012-svg,P0,49.5,0,12,False,False,False,False,True
012-svg/003-SVGCoordinateSystemViewBox.md,012-svg,P0,49.7,0,12,False,False,False,False,True
012-svg/001-SVGOverviewEnvSetup.md,012-svg,P0,55.6,0,12,False,False,False,False,True
012-svg/005-SVGPathPathDetailed.md,012-svg,P0,56.2,0,12,False,False,False,False,True
012-svg/006-SVGTextTypography.md,012-svg,P0,58.7,0,12,False,False,False,False,True
013-java/038-MethodDetailed.md,013-java,P0,9.5,0,1,False,False,False,False,True
013-java/067-SpringCloudMicroserviceDevelopment.md,013-java,P0,9.6,0,3,False,False,False,False,True
013-java/043-JavaTextBlock.md,013-java,P0,10.3,0,3,False,False,False,False,True
013-java/057-AbstractClassInterface.md,013-java,P0,10.7,0,2,False,False,False,False,True
013-java/058-ExceptionHandlingMechanism.md,013-java,P0,11.4,0,2,False,False,False,False,True
013-java/044-JavaModuleSystem.md,013-java,P0,12.3,0,3,False,False,False,False,True
013-java/056-OOP.md,013-java,P0,12.4,0,2,False,False,False,False,True
013-java/004-DataTypeConversion.md,013-java,P0,12.8,0,4,False,False,False,False,True
013-java/047-ArrayDetailed.md,013-java,P0,12.9,0,1,False,False,False,False,True
013-java/026-JavaBuildTool.md,013-java,P0,12.9,0,3,False,False,False,False,True
013-java/032-JavaGraphQL.md,013-java,P0,13.1,0,2,False,False,False,False,True
013-java/033-JavaPerformanceTuning.md,013-java,P0,13.3,0,3,False,False,False,False,True
013-java/063-LambdaFunctionalProgramming.md,013-java,P0,13.4,0,1,False,False,False,False,True
013-java/013-JavaSerialization.md,013-java,P0,13.6,0,5,False,False,False,False,True
013-java/059-GenericDetailed.md,013-java,P0,14.3,0,2,False,False,False,False,True
013-java/001-JavaOverviewDevEnv.md,013-java,P0,14.5,0,3,False,False,False,False,True
013-java/005-VariableConstant.md,013-java,P0,14.5,0,1,False,False,False,False,True
013-java/030-JavaRedis.md,013-java,P0,14.6,0,3,False,False,False,False,True
013-java/028-JavaMicroservice.md,013-java,P0,14.7,0,4,False,False,False,False,True
013-java/064-StreamAPI.md,013-java,P0,14.8,0,1,False,False,False,False,True
013-java/018-SpringBootAdvanced.md,013-java,P0,15.0,0,4,False,False,False,False,True
013-java/066-NetworkProgramming.md,013-java,P0,15.4,0,0,False,False,False,False,True
013-java/003-ProgramStructureBasicSyntax.md,013-java,P0,16.0,0,1,False,False,False,False,True
013-java/046-JavaNewFeaturesEcosystem.md,013-java,P0,17.0,0,2,False,False,False,False,True
013-java/060-IOStreamFileOperation.md,013-java,P0,17.4,0,2,False,False,False,False,True
013-java/021-JavaDesignPattern.md,013-java,P0,17.6,0,2,False,False,False,False,True
013-java/019-SpringBootSecurity.md,013-java,P0,17.7,0,4,False,False,False,False,True
013-java/061-MultithreadingBasics.md,013-java,P0,18.6,0,2,False,False,False,False,True
013-java/049-CollectionFrameworkDetailed.md,013-java,P0,19.5,0,1,False,False,False,False,True
013-java/068-JavaSwingGUI.md,013-java,P0,19.7,0,2,False,False,False,False,True
013-java/041-JavaKubernetes.md,013-java,P0,19.8,0,10,True,True,True,True,False
013-java/016-OperatorExpression.md,013-java,P0,20.2,0,1,False,False,False,False,True
013-java/069-JavaProjectExampleLibrarySystem.md,013-java,P0,28.4,0,0,False,False,False,False,True
013-java/011-JVMGC.md,013-java,P0,37.9,0,12,False,False,False,False,True
013-java/055-GenerationalZGCDetailed.md,013-java,P0,39.6,0,12,False,False,False,False,True
013-java/034-JavaAI.md,013-java,P0,41.7,0,12,False,False,False,False,True
013-java/029-JavaMessageQueue.md,013-java,P0,43.4,0,12,False,False,False,False,True
013-java/036-JavaWebAssembly.md,013-java,P0,43.9,0,12,False,False,False,False,True
013-java/002-QuickStart.md,013-java,P0,47.2,0,12,False,False,False,False,True
013-java/040-JavaGraalVM.md,013-java,P0,47.5,0,11,False,False,False,False,True
013-java/008-ConcurrencyBasics.md,013-java,P0,53.4,0,12,False,False,False,False,True
013-java/031-JavaDocker.md,013-java,P0,55.2,0,12,False,False,False,False,True
013-java/010-JVMClassLoadingMechanism.md,013-java,P0,56.3,0,11,False,False,False,False,True
013-java/054-AnnotationProcessor.md,013-java,P0,56.6,0,12,False,False,False,False,True
013-java/042-JavaRecordClass.md,013-java,P0,59.5,0,12,False,False,False,False,True
013-java/045-JavaDatabaseConnection.md,013-java,P0,62.9,0,12,False,False,False,False,True
013-java/052-ThreadLocalMemoryLeak.md,013-java,P0,63.1,0,11,True,True,True,True,False
013-java/007-JavaGenericsTutorial.md,013-java,P0,66.6,0,11,True,True,True,True,False
013-java/014-JavaIONIO.md,013-java,P0,67.8,0,12,False,False,False,False,True
013-java/048-JVMtuning.md,013-java,P0,69.8,0,11,False,False,False,False,True
013-java/009-JUCConcurrency.md,013-java,P0,70.0,0,12,False,False,False,False,True
013-java/023-JavaNetworkProgramming.md,013-java,P0,70.6,0,12,False,False,False,False,True
013-java/070-JavaTheoryJVMClassLoadingMemory.md,013-java,P0,70.7,0,12,False,False,False,False,True
013-java/035-JavaSecurity.md,013-java,P0,71.1,0,12,False,False,False,False,True
013-java/053-ReflectionDynamicProxy.md,013-java,P0,71.2,0,12,False,False,False,False,True
013-java/065-SpringBootNotes.md,013-java,P0,71.7,0,12,False,False,False,False,True
013-java/006-JavaAnnotationsTutorial.md,013-java,P0,73.4,0,11,True,True,True,True,False
013-java/022-JavaFunctionalProgramming.md,013-java,P0,76.2,0,11,False,False,False,False,True
013-java/017-SpringBasicsIoCAOPBeanLifecycle.md,013-java,P0,76.3,0,12,False,False,False,False,True
013-java/050-ConcurrencyDetailed.md,013-java,P0,78.3,0,12,False,False,False,False,True
013-java/037-JavaReactiveProgramming.md,013-java,P0,81.5,0,11,False,False,False,False,True
013-java/027-ControlFlow.md,013-java,P0,81.5,0,12,False,False,False,False,True
013-java/062-JVMMemoryModel.md,013-java,P0,81.7,0,12,False,False,False,False,True
013-java/020-SpringBootDataAccess.md,013-java,P0,81.7,0,11,False,False,False,False,True
013-java/025-JavaUnitTest.md,013-java,P0,83.3,0,11,True,True,True,True,False
013-java/024-JavaLogSystem.md,013-java,P0,85.0,0,11,False,False,False,False,True
013-java/015-JavaNewFeatures.md,013-java,P0,85.4,0,11,False,False,False,False,True
013-java/039-JavaVirtualThread.md,013-java,P0,88.7,0,11,False,False,False,False,True
013-java/012-JavaReflection.md,013-java,P0,96.1,0,12,False,False,False,False,True
013-java/051-CompletableFutureAsync.md,013-java,P0,109.5,0,11,True,True,True,True,False
014-kotlin/003-KotlinFunctionAndLambda.md,014-kotlin,P0,9.3,0,0,False,False,False,False,True
014-kotlin/031-KotlinKoin.md,014-kotlin,P0,9.6,0,2,False,False,False,False,True
014-kotlin/036-KotlinAtomicOperation.md,014-kotlin,P0,9.6,0,4,False,False,False,False,True
014-kotlin/005-KotlinGenericTypeSystem.md,014-kotlin,P0,10.0,0,0,False,False,False,False,True
014-kotlin/035-KotlinGradle.md,014-kotlin,P0,10.1,0,2,False,False,False,False,True
014-kotlin/040-KotlinTime.md,014-kotlin,P0,10.1,0,2,False,False,False,False,True
014-kotlin/033-KotlinTest.md,014-kotlin,P0,10.2,0,2,False,False,False,False,True
014-kotlin/011-KotlinCoroutineChannel.md,014-kotlin,P0,10.7,0,2,False,False,False,False,True
014-kotlin/024-KotlinAndroid.md,014-kotlin,P0,10.7,0,2,False,False,False,False,True
014-kotlin/038-KotlinIO.md,014-kotlin,P0,10.7,0,2,False,False,False,False,True
014-kotlin/030-KotlinExposed.md,014-kotlin,P0,10.7,0,3,False,False,False,False,True
014-kotlin/032-KotlinKtorClient.md,014-kotlin,P0,10.8,0,2,False,False,False,False,True
014-kotlin/006-KotlinCollectionCoroutine.md,014-kotlin,P0,10.9,0,0,False,False,False,False,True
014-kotlin/027-KotlinCompose.md,014-kotlin,P0,11.0,0,2,False,False,False,False,True
014-kotlin/007-KotlinCoroutineAdvanced.md,014-kotlin,P0,11.0,0,1,False,False,False,False,True
014-kotlin/025-KotlinSpring.md,014-kotlin,P0,11.2,0,3,False,False,False,False,True
014-kotlin/022-KotlinDSL.md,014-kotlin,P0,11.3,0,3,False,False,False,False,True
014-kotlin/009-KotlinDSLDomainSpecificLanguage.md,014-kotlin,P0,11.4,0,1,False,False,False,False,True
014-kotlin/043-KotlinSecurity.md,014-kotlin,P0,11.8,0,4,False,False,False,False,True
014-kotlin/028-KotlinArrow.md,014-kotlin,P0,11.9,0,3,False,False,False,False,True
014-kotlin/004-KotlinClassObject.md,014-kotlin,P0,11.9,0,0,False,False,False,False,True
014-kotlin/029-KotlinKtor.md,014-kotlin,P0,12.5,0,3,False,False,False,False,True
014-kotlin/019-KotlinCollectionOperation.md,014-kotlin,P0,12.6,0,2,False,False,False,False,True
014-kotlin/008-KotlinMultiplatform.md,014-kotlin,P0,12.8,0,1,False,False,False,False,True
014-kotlin/042-KotlinWebSocket.md,014-kotlin,P0,13.2,0,3,False,False,False,False,True
014-kotlin/010-KotlinTestBestPractice.md,014-kotlin,P0,15.4,0,0,False,False,False,False,True
014-kotlin/002-KotlinBasicSyntax.md,014-kotlin,P0,18.7,0,8,True,True,True,True,False
014-kotlin/018-KotlinScopeFunction.md,014-kotlin,P0,38.9,0,12,False,False,False,False,True
014-kotlin/020-KotlinInlineClass.md,014-kotlin,P0,40.2,0,12,False,False,False,False,True
014-kotlin/023-KotlinSerialization.md,014-kotlin,P0,41.3,0,12,False,False,False,False,True
014-kotlin/013-SealedClassAlgebraicDataType.md,014-kotlin,P0,45.3,0,12,False,False,False,False,True
014-kotlin/017-FlowReactiveStream.md,014-kotlin,P0,46.8,0,12,False,False,False,False,True
014-kotlin/015-ExtensionFunction.md,014-kotlin,P0,49.9,0,12,False,False,False,False,True
014-kotlin/037-KotlinBenchmark.md,014-kotlin,P0,51.2,0,12,False,False,False,False,True
014-kotlin/050-ScopeFunctionDifference.md,014-kotlin,P0,54.1,0,12,False,False,False,False,True
014-kotlin/034-KotlinCompilerPlugin.md,014-kotlin,P0,56.5,0,12,False,False,False,False,True
014-kotlin/045-FlowColdSharedState.md,014-kotlin,P0,64.7,0,12,False,False,False,False,True
014-kotlin/039-KotlinRegex.md,014-kotlin,P0,67.7,0,12,False,False,False,False,True
014-kotlin/016-CoroutineBasics.md,014-kotlin,P0,69.1,0,12,False,False,False,False,True
014-kotlin/048-InlineClass.md,014-kotlin,P0,69.9,0,12,False,False,False,False,True
014-kotlin/021-KotlinContractContracts.md,014-kotlin,P0,70.6,0,12,False,False,False,False,True
014-kotlin/051-CoroutineExceptionHandling.md,014-kotlin,P0,76.8,0,12,False,False,False,False,True
014-kotlin/014-DelegateProperty.md,014-kotlin,P0,77.4,0,12,False,False,False,False,True
014-kotlin/041-KotlinConcurrencySafety.md,014-kotlin,P0,80.4,0,12,False,False,False,False,True
014-kotlin/001-KotlinOverviewEnvSetup.md,014-kotlin,P0,81.5,0,12,False,False,False,False,True
014-kotlin/044-CoroutineDispatcherContext.md,014-kotlin,P0,82.0,0,12,False,False,False,False,True
014-kotlin/049-ExtensionFunctionCompilePrinciple.md,014-kotlin,P0,82.5,0,12,False,False,False,False,True
014-kotlin/026-KotlinTypeSystem.md,014-kotlin,P0,87.4,0,12,False,False,False,False,True
014-kotlin/012-NullSafetyDetailed.md,014-kotlin,P0,99.8,0,12,False,False,False,False,True
014-kotlin/046-ChannelBroadcastChannel.md,014-kotlin,P0,106.0,0,12,False,False,False,False,True
014-kotlin/052-KotlinCrossPlatform.md,014-kotlin,P0,106.8,0,12,False,False,False,False,True
014-kotlin/047-SealedClassSealedInterface.md,014-kotlin,P0,145.4,0,12,False,False,False,False,True
015-csharp/010-CGameDevUnity.md,015-csharp,P0,16.7,0,0,False,False,False,False,True
015-csharp/002-CBasicSyntax.md,015-csharp,P0,48.2,0,12,False,False,False,False,True
015-csharp/015-GenericCovarianceContravariance.md,015-csharp,P0,52.5,0,5,False,False,False,False,True
015-csharp/011-LINQDeep.md,015-csharp,P0,55.3,0,12,False,False,False,False,True
015-csharp/034-ValueTypeReferenceType.md,015-csharp,P0,55.7,0,12,False,False,False,False,True
015-csharp/023-CAPI.md,015-csharp,P0,59.4,0,8,False,False,False,False,True
015-csharp/017-SourceGenerator.md,015-csharp,P0,61.0,0,12,False,False,False,False,True
015-csharp/020-CMAUI.md,015-csharp,P0,61.7,0,12,False,False,False,False,True
015-csharp/033-GCGeneration.md,015-csharp,P0,62.6,0,12,False,False,False,False,True
015-csharp/001-COverviewEnvSetup.md,015-csharp,P0,63.8,0,12,False,False,False,False,True
015-csharp/013-PatternMatching.md,015-csharp,P0,67.1,0,11,False,False,False,False,True
015-csharp/005-CAsyncProgramming.md,015-csharp,P0,67.9,0,12,False,False,False,False,True
015-csharp/032-DILifecycle.md,015-csharp,P0,68.1,0,11,False,False,False,False,True
015-csharp/022-CDependencyInjection.md,015-csharp,P0,68.6,0,5,False,False,False,False,True
015-csharp/007-CAdvancedFeature.md,015-csharp,P0,69.0,0,12,False,False,False,False,True
015-csharp/008-CNET.md,015-csharp,P0,69.5,0,12,False,False,False,False,True
015-csharp/029-ReflectionAndFeatureApplication.md,015-csharp,P0,69.8,0,12,False,False,False,False,True
015-csharp/009-CTestEngineering.md,015-csharp,P0,71.2,0,12,False,False,False,False,True
015-csharp/012-AsyncProgrammingDetailed.md,015-csharp,P0,71.7,0,12,False,False,False,False,True
015-csharp/025-CSharpReflection.md,015-csharp,P0,72.3,0,8,False,False,False,False,True
015-csharp/014-CRecordType.md,015-csharp,P0,72.5,0,12,False,False,False,False,True
015-csharp/027-AsyncAwaitStateMachine.md,015-csharp,P0,74.4,0,12,False,False,False,False,True
015-csharp/035-RecordTypeImmutability.md,015-csharp,P0,74.8,0,12,False,False,False,False,True
015-csharp/004-CGenericCollection.md,015-csharp,P0,75.4,0,12,False,False,False,False,True
015-csharp/024-C12C13NewFeatures.md,015-csharp,P0,76.9,0,6,False,False,False,False,True
015-csharp/018-CUnityGameDev.md,015-csharp,P0,80.1,0,11,False,False,False,False,True
015-csharp/021-CEFCore.md,015-csharp,P0,81.4,0,12,False,False,False,False,True
015-csharp/003-COOP.md,015-csharp,P0,81.5,0,12,False,False,False,False,True
015-csharp/026-LINQDeferredImmediate.md,015-csharp,P0,81.6,0,12,False,False,False,False,True
015-csharp/030-EFCoreMigrationOptimization.md,015-csharp,P0,86.4,0,12,False,False,False,False,True
015-csharp/006-CLINQFunctionalProgramming.md,015-csharp,P0,86.5,0,12,False,False,False,False,True
015-csharp/028-DelegateEventUnderlying.md,015-csharp,P0,88.5,0,12,False,False,False,False,True
015-csharp/019-CBlazor.md,015-csharp,P0,102.0,0,12,False,False,False,False,True
015-csharp/031-AspNetCoreMiddlewarePipeline.md,015-csharp,P0,114.2,0,12,False,False,False,False,True
015-csharp/016-SpanMemory.md,015-csharp,P0,135.3,0,12,False,False,False,False,True
016-go/028-GoTest.md,016-go,P0,8.9,0,2,False,False,False,False,True
016-go/022-GoGRPC.md,016-go,P0,9.3,0,3,False,False,False,False,True
016-go/005-GoInterfaceComposition.md,016-go,P0,9.5,0,1,False,False,False,False,True
016-go/007-GoErrorHandling.md,016-go,P0,9.7,0,1,False,False,False,False,True
016-go/003-GoFunctionMethod.md,016-go,P0,9.8,0,0,False,False,False,False,True
016-go/035-GoConfigManagement.md,016-go,P0,9.9,0,4,False,False,False,False,True
016-go/053-ReflectionGenericFunction.md,016-go,P0,9.9,0,2,False,False,False,False,True
016-go/027-GoDatabase.md,016-go,P0,10.0,0,2,False,False,False,False,True
016-go/021-GoGraphQL.md,016-go,P0,10.1,0,2,False,False,False,False,True
016-go/001-GoOverviewEnvSetup.md,016-go,P0,10.4,0,2,False,False,False,False,True
016-go/002-GoBasicSyntax.md,016-go,P0,10.5,0,0,False,False,False,False,True
016-go/051-GMPModel.md,016-go,P0,10.8,0,3,False,False,False,False,True
016-go/044-GoHTTPClient.md,016-go,P0,10.8,0,4,False,False,False,False,True
016-go/048-GoDistributedTracing.md,016-go,P0,10.8,0,4,False,False,False,False,True
016-go/037-GoTemplate.md,016-go,P0,10.9,0,2,False,False,False,False,True
016-go/025-GoRedis.md,016-go,P0,11.1,0,3,False,False,False,False,True
016-go/026-GoMessageQueue.md,016-go,P0,11.2,0,4,False,False,False,False,True
016-go/008-GoGeneric.md,016-go,P0,11.2,0,1,False,False,False,False,True
016-go/038-GoEncryption.md,016-go,P0,11.6,0,2,False,False,False,False,True
016-go/009-GoStandardLibraryToolchain.md,016-go,P0,12.3,0,1,False,False,False,False,True
016-go/004-GoDataStructure.md,016-go,P0,12.5,0,2,False,False,False,False,True
016-go/006-GoConcurrentProgramming.md,016-go,P0,13.8,0,1,False,False,False,False,True
016-go/010-GoWebDevelopmentMicroservice.md,016-go,P0,17.5,0,1,False,False,False,False,True
016-go/058-RaceDetectionAtomic.md,016-go,P0,18.5,0,10,True,True,True,True,False
016-go/016-MemoryAlignment.md,016-go,P0,30.0,0,12,False,False,False,False,True
016-go/029-GoJSON.md,016-go,P0,31.0,0,12,False,False,False,False,True
016-go/054-MemoryEscapeAnalysis.md,016-go,P0,43.1,0,11,False,False,False,False,True
016-go/040-GoTime.md,016-go,P0,44.3,0,12,False,False,False,False,True
016-go/019-InterfaceTypeAssertion.md,016-go,P0,46.9,0,12,False,False,False,False,True
016-go/036-GoLog.md,016-go,P0,47.9,0,12,False,False,False,False,True
016-go/059-PackageManagementDetailed.md,016-go,P0,48.0,0,12,False,False,False,False,True
016-go/034-GoDependencyInjection.md,016-go,P0,48.6,0,12,False,False,False,False,True
016-go/017-ContextDetailed.md,016-go,P0,49.1,0,12,False,False,False,False,True
016-go/042-GoSignalHandling.md,016-go,P0,49.2,0,12,False,False,False,False,True
016-go/011-SlicePrinciple.md,016-go,P0,51.5,0,12,False,False,False,False,True
016-go/033-GoCodeGeneration.md,016-go,P0,51.7,0,11,False,False,False,False,True
016-go/032-GoWasm.md,016-go,P0,52.5,0,12,False,False,False,False,True
016-go/030-GoFuzzing.md,016-go,P0,53.1,0,12,False,False,False,False,True
016-go/015-Reflection.md,016-go,P0,53.1,0,12,False,False,False,False,True
016-go/055-GCAndTuning.md,016-go,P0,53.3,0,12,False,False,False,False,True
016-go/045-GoHTTP.md,016-go,P0,53.9,0,12,False,False,False,False,True
016-go/039-GoFileMonitor.md,016-go,P0,53.9,0,12,False,False,False,False,True
016-go/018-GoroutineSchedule.md,016-go,P0,54.1,0,12,False,False,False,False,True
016-go/013-UnsafePointer.md,016-go,P0,55.0,0,12,False,False,False,False,True
016-go/012-MapPrinciple.md,016-go,P0,55.1,0,12,False,False,False,False,True
016-go/024-GoDocker.md,016-go,P0,55.2,0,12,False,False,False,False,True
016-go/023-GoKubernetes.md,016-go,P0,56.9,0,12,False,False,False,False,True
016-go/014-ChannelPrinciple.md,016-go,P0,57.5,0,12,False,False,False,False,True
016-go/050-GoroutineChannelPrinciple.md,016-go,P0,57.6,0,12,False,False,False,False,True
016-go/047-GoMiddleware.md,016-go,P0,60.4,0,12,False,False,False,False,True
016-go/043-GoPerformanceAnalysis.md,016-go,P0,62.0,0,12,False,False,False,False,True
016-go/020-ErrorHandlingAdvanced.md,016-go,P0,68.3,0,12,False,False,False,False,True
016-go/052-ConcurrencyPattern.md,016-go,P0,70.9,0,12,False,False,False,False,True
016-go/049-Go.md,016-go,P0,71.0,0,11,False,False,False,False,True
016-go/041-GoRegex.md,016-go,P0,72.0,0,12,False,False,False,False,True
016-go/056-GenericDetailed.md,016-go,P0,73.3,0,12,False,False,False,False,True
016-go/057-UnitTestBenchmark.md,016-go,P0,79.5,0,12,False,False,False,False,True
016-go/031-GoCGO.md,016-go,P0,84.7,0,12,False,False,False,False,True
016-go/046-GoOAuth2.md,016-go,P0,108.5,0,12,False,False,False,False,True
017-lua/022-LuaDebug.md,017-lua,P0,21.7,0,3,False,False,False,False,True
017-lua/009-EnvironmentModule.md,017-lua,P0,22.8,0,2,False,False,False,False,True
017-lua/018-LuaErrorHandling.md,017-lua,P0,22.9,0,2,False,False,False,False,True
017-lua/014-LuaNeovim.md,017-lua,P0,24.7,0,2,False,False,False,False,True
017-lua/020-LuaWorldOfWarcraft.md,017-lua,P0,25.5,0,2,False,False,False,False,True
017-lua/013-LuaLove2D.md,017-lua,P0,31.3,0,1,False,False,False,False,True
017-lua/031-ModuleLoading.md,017-lua,P0,41.6,0,12,False,False,False,False,True
017-lua/002-ProgramStructureBasicSyntax.md,017-lua,P0,44.8,0,12,False,False,False,False,True
017-lua/030-UserData.md,017-lua,P0,47.4,0,12,False,False,False,False,True
017-lua/004-FunctionAndClosure.md,017-lua,P0,48.0,0,12,False,False,False,False,True
017-lua/008-CoroutineDetailed.md,017-lua,P0,48.1,0,12,False,False,False,False,True
017-lua/027-WeakTable.md,017-lua,P0,48.8,0,12,False,False,False,False,True
017-lua/019-LuaIterator.md,017-lua,P0,50.6,0,12,False,False,False,False,True
017-lua/029-CAPIStackOperation.md,017-lua,P0,51.8,0,12,False,False,False,False,True
017-lua/005-MetatableOOP.md,017-lua,P0,56.7,0,12,False,False,False,False,True
017-lua/015-LuaRedisScript.md,017-lua,P0,59.3,0,12,False,False,False,False,True
017-lua/001-LuaOverviewEnvSetup.md,017-lua,P0,62.7,0,12,False,False,False,False,True
017-lua/016-LuaNginx.md,017-lua,P0,64.5,0,12,False,False,False,False,True
017-lua/006-TableMetatableAdvanced.md,017-lua,P0,64.7,0,12,False,False,False,False,True
017-lua/010-StringPatternMatching.md,017-lua,P0,64.9,0,12,False,False,False,False,True
017-lua/026-CoroutineNonPreemptiveScheduling.md,017-lua,P0,65.9,0,11,False,False,False,False,True
017-lua/025-MetatableMetamethodDetailed.md,017-lua,P0,72.0,0,12,False,False,False,False,True
017-lua/028-EnvironmentGlobalVariable.md,017-lua,P0,73.6,0,12,False,False,False,False,True
017-lua/023-CoroutineAsync.md,017-lua,P0,73.9,0,12,False,False,False,False,True
017-lua/024-StandardLibraryDetailed.md,017-lua,P0,75.5,0,12,False,False,False,False,True
017-lua/007-OOP.md,017-lua,P0,76.1,0,12,False,False,False,False,True
017-lua/021-LuaPerformance.md,017-lua,P0,78.1,0,12,False,False,False,False,True
017-lua/017-ModulePackage.md,017-lua,P0,87.8,0,12,False,False,False,False,True
017-lua/011-LuaC.md,017-lua,P0,91.3,0,12,False,False,False,False,True
017-lua/003-DataTypeTableDetailed.md,017-lua,P0,106.0,0,12,False,False,False,False,True
017-lua/012-LuaJIT.md,017-lua,P0,109.2,0,12,False,False,False,False,True
018-harmonyos/020-PerformanceOptimization.md,018-harmonyos,P0,11.0,0,2,False,False,False,False,True
018-harmonyos/014-GestureInteraction.md,018-harmonyos,P0,12.2,0,2,False,False,False,False,True
018-harmonyos/013-AnimationSystem.md,018-harmonyos,P0,13.0,0,2,False,False,False,False,True
018-harmonyos/010-NavigationRoute.md,018-harmonyos,P0,13.3,0,3,False,False,False,False,True
018-harmonyos/017-SensorLocation.md,018-harmonyos,P0,13.4,0,2,False,False,False,False,True
018-harmonyos/018-CardDevelopment.md,018-harmonyos,P0,13.6,0,2,False,False,False,False,True
018-harmonyos/002-ArkTSArkUI.md,018-harmonyos,P0,13.9,0,0,False,False,False,False,True
018-harmonyos/009-ListGrid.md,018-harmonyos,P0,14.2,0,3,False,False,False,False,True
018-harmonyos/004-NetworkAndPersistence.md,018-harmonyos,P0,15.2,0,0,False,False,False,False,True
018-harmonyos/005-MultimediaDeviceCapability.md,018-harmonyos,P0,16.7,0,0,False,False,False,False,True
018-harmonyos/003-UIComponentAnimation.md,018-harmonyos,P0,16.8,0,1,False,False,False,False,True
018-harmonyos/016-MultimediaCapability.md,018-harmonyos,P0,16.8,0,2,False,False,False,False,True
018-harmonyos/015-NotificationPermission.md,018-harmonyos,P0,17.4,0,2,False,False,False,False,True
018-harmonyos/012-DataPersistence.md,018-harmonyos,P0,18.6,0,3,False,False,False,False,True
018-harmonyos/023-AppSignaturePublish.md,018-harmonyos,P0,46.7,0,12,False,False,False,False,True
018-harmonyos/025-ArkTSTypeScriptDifference.md,018-harmonyos,P0,54.4,0,9,False,False,False,False,True
018-harmonyos/028-RouteJumpStack.md,018-harmonyos,P0,54.8,0,8,False,False,False,False,True
018-harmonyos/021-I18nAccessibility.md,018-harmonyos,P0,55.5,0,12,False,False,False,False,True
018-harmonyos/022-TestDebug.md,018-harmonyos,P0,57.4,0,12,False,False,False,False,True
018-harmonyos/033-DevEcoStudioDebugger.md,018-harmonyos,P0,57.9,0,12,False,False,False,False,True
018-harmonyos/008-CustomComponent.md,018-harmonyos,P0,61.0,0,12,False,False,False,False,True
018-harmonyos/019-DistributedCapability.md,018-harmonyos,P0,64.0,0,12,False,False,False,False,True
018-harmonyos/026-ArkUIDeclarativeSyntax.md,018-harmonyos,P0,64.1,0,6,False,False,False,False,True
018-harmonyos/011-NetworkRequest.md,018-harmonyos,P0,65.6,0,12,False,False,False,False,True
018-harmonyos/006-ArkTSLanguageFeature.md,018-harmonyos,P0,67.3,0,12,False,False,False,False,True
018-harmonyos/007-StateManagement.md,018-harmonyos,P0,67.7,0,12,False,False,False,False,True
018-harmonyos/027-ComponentLifecycleDetailed.md,018-harmonyos,P0,68.6,0,8,False,False,False,False,True
018-harmonyos/031-CrossDeviceCall.md,018-harmonyos,P0,70.7,0,12,False,False,False,False,True
018-harmonyos/024-StageFAModelDifference.md,018-harmonyos,P0,71.5,0,12,False,False,False,False,True
018-harmonyos/001-OverviewSetup.md,018-harmonyos,P0,71.6,0,12,False,False,False,False,True
018-harmonyos/030-DistributedDataManagement.md,018-harmonyos,P0,76.8,0,12,False,False,False,False,True
018-harmonyos/032-AtomicServiceDevPublish.md,018-harmonyos,P0,84.1,0,9,False,False,False,False,True
018-harmonyos/029-PermissionRequest.md,018-harmonyos,P0,99.9,0,12,False,False,False,False,True
019-sql/018-NaturalJoinUsing.md,019-sql,P0,5.3,0,1,False,False,False,False,True
019-sql/025-PivotUnpivot.md,019-sql,P0,5.8,0,0,False,False,False,False,True
019-sql/027-DCL.md,019-sql,P0,5.9,0,0,False,False,False,False,True
019-sql/021-LateralDerivedTable.md,019-sql,P0,6.1,0,0,False,False,False,False,True
019-sql/026-SetOperation.md,019-sql,P0,6.1,0,0,False,False,False,False,True
019-sql/028-TCL.md,019-sql,P0,6.2,0,0,False,False,False,False,True
019-sql/031-TransactionACIDProperty.md,019-sql,P0,6.4,0,1,False,False,False,False,True
019-sql/023-CTE.md,019-sql,P0,6.4,0,1,False,False,False,False,True
019-sql/020-SemiAntiJoin.md,019-sql,P0,6.5,0,1,False,False,False,False,True
019-sql/033-DirtyReadNonRepeatablePhantom.md,019-sql,P0,6.5,0,2,False,False,False,False,True
019-sql/035-MVCC.md,019-sql,P0,6.9,0,2,False,False,False,False,True
019-sql/022-Subquery.md,019-sql,P0,7.1,0,1,False,False,False,False,True
019-sql/016-GROUPBYGroupingSet.md,019-sql,P0,7.2,0,1,False,False,False,False,True
019-sql/032-IsolationLevel.md,019-sql,P0,7.2,0,1,False,False,False,False,True
019-sql/017-JoinQuery.md,019-sql,P0,7.2,0,1,False,False,False,False,True
019-sql/034-LockMechanism.md,019-sql,P0,7.4,0,1,False,False,False,False,True
019-sql/030-ExecutionPlan.md,019-sql,P0,7.4,0,0,False,False,False,False,True
019-sql/024-RecursiveCTE.md,019-sql,P0,7.6,0,0,False,False,False,False,True
019-sql/038-OptimisticPessimisticLock.md,019-sql,P0,8.1,0,2,False,False,False,False,True
019-sql/013-SelectExecutionOrder.md,019-sql,P0,8.1,0,1,False,False,False,False,True
019-sql/015-AggregateFunction.md,019-sql,P0,8.3,0,1,False,False,False,False,True
019-sql/014-FilterCondition.md,019-sql,P0,8.4,0,2,False,False,False,False,True
019-sql/037-RecursiveCTETreeTraversal.md,019-sql,P0,9.0,0,0,False,False,False,False,True
019-sql/039-SQLAntipattern.md,019-sql,P0,9.6,0,0,False,False,False,False,True
019-sql/012-Constraint.md,019-sql,P0,9.9,0,2,False,False,False,False,True
019-sql/036-WindowFunctionFramework.md,019-sql,P0,10.0,0,2,False,False,False,False,True
019-sql/011-DataType.md,019-sql,P0,10.5,0,1,False,False,False,False,True
019-sql/006-WindowFunction.md,019-sql,P0,11.0,0,2,False,False,False,False,True
019-sql/002-DataQueryBasics.md,019-sql,P0,11.6,0,1,False,False,False,False,True
019-sql/001-OverviewStandard.md,019-sql,P0,11.8,0,1,False,False,False,False,True
019-sql/003-MultiTableQuery.md,019-sql,P0,12.6,0,0,False,False,False,False,True
019-sql/009-PLSQLStoredProcedure.md,019-sql,P0,13.2,0,2,False,False,False,False,True
019-sql/004-DML.md,019-sql,P0,13.3,0,1,False,False,False,False,True
019-sql/019-SelfJoin.md,019-sql,P0,13.9,0,10,True,True,True,True,True
019-sql/007-AdvancedQuery.md,019-sql,P0,14.1,0,1,False,False,False,False,True
019-sql/008-PerformanceOptimization.md,019-sql,P0,14.5,0,1,False,False,False,False,True
019-sql/005-DDL.md,019-sql,P0,15.4,0,0,False,False,False,False,True
019-sql/010-SQLPracticeInterview.md,019-sql,P0,15.4,0,2,False,False,False,False,True
019-sql/029-Index.md,019-sql,P0,133.3,0,6,False,False,False,False,True
025-c/028-FunctionDetailed.md,025-c,P0,14.1,0,2,False,False,False,False,True
025-c/023-POSIXThread.md,025-c,P0,14.2,0,3,False,False,False,False,True
025-c/036-ArrayDetailed.md,025-c,P0,14.2,0,1,False,False,False,False,True
025-c/022-ThreadConcurrency.md,025-c,P0,14.3,0,2,False,False,False,False,True
025-c/024-SocketNetworkProgramming.md,025-c,P0,14.7,0,2,False,False,False,False,True
025-c/040-MemoryManagement.md,025-c,P0,14.8,0,0,False,False,False,False,True
025-c/013-AtomicAndMemoryModel.md,025-c,P0,15.6,0,2,False,False,False,False,True
025-c/017-ControlFlow.md,025-c,P0,16.1,0,1,False,False,False,False,True
025-c/039-PointerDeep.md,025-c,P0,16.7,0,2,False,False,False,False,True
025-c/048-IO.md,025-c,P0,16.8,0,0,False,False,False,False,True
025-c/026-SharedMemorySemaphore.md,025-c,P0,16.8,0,3,False,False,False,False,True
025-c/006-OperatorExpression.md,025-c,P0,17.1,0,1,False,False,False,False,True
025-c/051-CProjectExampleStudentGradeSystem.md,025-c,P0,17.1,0,1,False,False,False,False,True
025-c/050-CAdvancedSystemProgramming.md,025-c,P0,17.1,0,2,False,False,False,False,True
025-c/042-StructAndUnion.md,025-c,P0,18.2,0,1,False,False,False,False,True
025-c/038-C23C2y.md,025-c,P0,20.5,0,1,False,False,False,False,True
025-c/046-FunctionPointerCallbackJumpTable.md,025-c,P0,21.1,0,3,False,False,False,False,True
025-c/007-EnumTypedef.md,025-c,P0,23.1,0,10,True,True,True,True,False
025-c/005-BitwiseBitField.md,025-c,P0,26.5,0,2,False,False,False,False,True
025-c/019-SafeFunctionBoundsCheck.md,025-c,P0,37.5,0,12,False,False,False,False,True
025-c/034-EmbeddedCProgramming.md,025-c,P0,38.8,0,12,False,False,False,False,True
025-c/025-ProcessAndPipe.md,025-c,P0,42.4,0,12,False,False,False,False,True
025-c/018-AttributeCompilerExtension.md,025-c,P0,46.6,0,12,False,False,False,False,True
025-c/002-ProgramStructureBasicSyntax.md,025-c,P0,48.1,0,12,False,False,False,False,True
025-c/011-VarargsFunction.md,025-c,P0,49.1,0,12,False,False,False,False,True
025-c/003-DataTypeDetailed.md,025-c,P0,49.2,0,12,False,False,False,False,True
025-c/015-BitField.md,025-c,P0,50.0,0,12,False,False,False,False,True
025-c/020-InlineFunctionMacro.md,025-c,P0,51.4,0,12,False,False,False,False,True
025-c/014-GenericSelection.md,025-c,P0,54.9,0,12,False,False,False,False,True
025-c/009-DynamicMemoryManagement.md,025-c,P0,55.0,0,5,False,False,False,False,True
025-c/037-PreprocessorMacro.md,025-c,P0,56.3,0,5,False,False,False,False,True
025-c/031-BuildSystem.md,025-c,P0,56.5,0,12,False,False,False,False,True
025-c/010-FunctionPointerCallback.md,025-c,P0,56.7,0,12,False,False,False,False,True
025-c/029-DynamicStaticLibrary.md,025-c,P0,58.4,0,12,False,False,False,False,True
025-c/021-ComplexDeclarationParsing.md,025-c,P0,60.0,0,11,True,True,True,True,False
025-c/044-PointerArrayDifference.md,025-c,P0,64.2,0,12,False,False,False,False,True
025-c/049-CLanguageTheory.md,025-c,P0,64.2,0,12,False,False,False,False,True
025-c/016-AlignmentMemoryLayout.md,025-c,P0,64.5,0,12,False,False,False,False,True
025-c/047-LinuxKernelMemoryBarriers.md,025-c,P0,65.2,0,9,True,True,True,True,False
025-c/041-MemoryAlignment.md,025-c,P0,65.8,0,12,False,False,False,False,True
025-c/001-CLanguageOverview.md,025-c,P0,66.1,0,12,False,False,False,False,True
025-c/035-CAssemblyInteraction.md,025-c,P0,67.4,0,12,False,False,False,False,True
025-c/033-CrossPlatformProgramming.md,025-c,P0,67.4,0,12,False,False,False,False,True
025-c/027-FileSystemOperation.md,025-c,P0,68.2,0,12,False,False,False,False,True
025-c/012-SignalHandling.md,025-c,P0,71.7,0,4,False,False,False,False,True
025-c/043-FunctionCallStackFrame.md,025-c,P0,72.3,0,12,False,False,False,False,True
025-c/032-StaticAnalysisDebug.md,025-c,P0,73.3,0,4,False,False,False,False,True
025-c/045-DoublePointerPointerArray.md,025-c,P0,77.0,0,12,True,True,True,True,False
025-c/004-VariableConstant.md,025-c,P0,78.2,0,7,False,False,False,False,True
025-c/030-HelloWorldOrOr.md,025-c,P0,88.3,0,12,True,True,True,True,False
025-c/008-TheLinuxProgrammingInterface.md,025-c,P0,89.9,0,10,True,True,True,True,False
026-cpp/055-SmartPointerCircularReference.md,026-cpp,P0,10.3,0,2,False,False,False,False,True
026-cpp/012-DesignPatternCpp.md,026-cpp,P0,10.3,0,4,False,False,False,False,True
026-cpp/065-CDebugPerformanceAnalysis.md,026-cpp,P0,10.6,0,2,False,False,False,False,True
026-cpp/018-FileIOFileSystem.md,026-cpp,P0,10.6,0,2,False,False,False,False,True
026-cpp/010-Cpp20Range.md,026-cpp,P0,10.7,0,2,False,False,False,False,True
026-cpp/033-CppRustComparison.md,026-cpp,P0,11.3,0,3,False,False,False,False,True
026-cpp/028-CppGraphicsProgramming.md,026-cpp,P0,12.0,0,4,False,False,False,False,True
026-cpp/034-Cpp23Cpp26NewFeatures.md,026-cpp,P0,12.1,0,3,False,False,False,False,True
026-cpp/031-CppPythonInteraction.md,026-cpp,P0,12.2,0,2,False,False,False,False,True
026-cpp/030-CppRegex.md,026-cpp,P0,12.4,0,2,False,False,False,False,True
026-cpp/044-SmartPointer.md,026-cpp,P0,13.6,0,1,False,False,False,False,True
026-cpp/048-CSTL.md,026-cpp,P0,14.4,0,0,False,False,False,False,True
026-cpp/036-CppSerialization.md,026-cpp,P0,14.5,0,2,False,False,False,False,True
026-cpp/025-CppNetworkProgramming.md,026-cpp,P0,16.0,0,3,False,False,False,False,True
026-cpp/003-CppTypeSystem.md,026-cpp,P0,16.1,0,2,False,False,False,False,True
026-cpp/049-ConcurrentProgramming.md,026-cpp,P0,16.6,0,1,False,False,False,False,True
026-cpp/026-COOPAdvanced.md,026-cpp,P0,17.7,0,2,False,False,False,False,True
026-cpp/015-COOPBasics.md,026-cpp,P0,18.3,0,2,False,False,False,False,True
026-cpp/062-CppTemplate.md,026-cpp,P0,18.4,0,9,True,True,True,True,False
026-cpp/051-CSTLAlgorithmAndFunctionObject.md,026-cpp,P0,19.1,0,1,False,False,False,False,True
026-cpp/001-CppOverviewAndModernStandard.md,026-cpp,P0,20.4,0,6,False,False,False,False,True
026-cpp/002-CppBasicSyntax.md,026-cpp,P0,20.4,0,1,False,False,False,False,True
026-cpp/064-CppExceptionAndPerformance.md,026-cpp,P0,20.7,0,3,False,False,False,False,True
026-cpp/066-CppProjectPractice.md,026-cpp,P0,25.2,0,2,False,False,False,False,True
026-cpp/039-CppMemoryManagement.md,026-cpp,P0,30.1,0,3,False,False,False,False,True
026-cpp/047-Cpp26AndLatestStandard.md,026-cpp,P0,34.3,0,3,False,False,False,False,True
026-cpp/029-CppToolchain.md,026-cpp,P0,45.9,0,12,False,False,False,False,True
026-cpp/061-Cpp23NewFeatures.md,026-cpp,P0,50.2,0,12,False,False,False,False,True
026-cpp/011-Cpp20Module.md,026-cpp,P0,51.3,0,12,False,False,False,False,True
026-cpp/032-CppTestFramework.md,026-cpp,P0,51.7,0,12,False,False,False,False,True
026-cpp/063-MemoryOrderLockFree.md,026-cpp,P0,51.8,0,12,False,False,False,False,True
026-cpp/043-CppMathLibrary.md,026-cpp,P0,53.5,0,12,False,False,False,False,True
026-cpp/042-CppReflectionMetaprogramming.md,026-cpp,P0,54.7,0,12,False,False,False,False,True
026-cpp/041-CppWebAssembly.md,026-cpp,P0,54.7,0,12,False,False,False,False,True
026-cpp/052-MoveSemanticsDetailed.md,026-cpp,P0,54.9,0,12,False,False,False,False,True
026-cpp/045-CppDateTime.md,026-cpp,P0,55.2,0,12,False,False,False,False,True
026-cpp/016-CSTL.md,026-cpp,P0,55.5,0,12,False,False,False,False,True
026-cpp/004-CppReference.md,026-cpp,P0,55.7,0,12,False,False,False,False,True
026-cpp/035-CppPerformance.md,026-cpp,P0,56.6,0,12,False,False,False,False,True
026-cpp/013-RAIIResourceManagement.md,026-cpp,P0,58.6,0,12,False,False,False,False,True
026-cpp/027-CppMemoryModel.md,026-cpp,P0,58.8,0,12,False,False,False,False,True
026-cpp/014-OperatorOverloading.md,026-cpp,P0,59.5,0,12,False,False,False,False,True
026-cpp/054-VTablePolymorphismMemoryLayout.md,026-cpp,P0,60.1,0,12,False,False,False,False,True
026-cpp/053-PerfectForwardingReferenceCollapse.md,026-cpp,P0,64.2,0,12,False,False,False,False,True
026-cpp/008-LambdaExpression.md,026-cpp,P0,64.5,0,12,False,False,False,False,True
026-cpp/060-Cpp20Concept.md,026-cpp,P0,64.9,0,9,False,False,False,False,True
026-cpp/019-ExceptionSecurity.md,026-cpp,P0,65.6,0,12,False,False,False,False,True
026-cpp/058-VariadicTemplateFoldExpression.md,026-cpp,P0,65.9,0,12,False,False,False,False,True
026-cpp/020-MultithreadingConcurrency.md,026-cpp,P0,67.4,0,12,False,False,False,False,True
026-cpp/022-VariadicTemplate.md,026-cpp,P0,71.2,0,12,False,False,False,False,True
026-cpp/057-TypeExtractionSFINAE.md,026-cpp,P0,72.0,0,12,False,False,False,False,True
026-cpp/037-CppGameDev.md,026-cpp,P0,75.7,0,12,False,False,False,False,True
026-cpp/038-CppEmbedded.md,026-cpp,P0,75.9,0,12,False,False,False,False,True
026-cpp/056-LambdaCaptureDetailed.md,026-cpp,P0,75.9,0,12,False,False,False,False,True
026-cpp/040-CppCodeStyle.md,026-cpp,P0,76.5,0,12,False,False,False,False,True
026-cpp/006-PointersCppreferenceCom.md,026-cpp,P0,76.7,0,11,True,True,True,True,False
026-cpp/046-CppFormatOutput.md,026-cpp,P0,77.9,0,12,False,False,False,False,True
026-cpp/017-StringProcessing.md,026-cpp,P0,82.9,0,12,False,False,False,False,True
026-cpp/023-ConstexprCompileTime.md,026-cpp,P0,88.4,0,12,False,False,False,False,True
026-cpp/021-TypeTraitsSFINAE.md,026-cpp,P0,93.5,0,12,False,False,False,False,True
026-cpp/024-NamespaceLinkage.md,026-cpp,P0,95.6,0,11,False,False,False,False,True
026-cpp/007-N4089DeletingSafeBoolInFavorOfExplicitBool.md,026-cpp,P0,117.5,0,12,True,True,True,True,False
026-cpp/005-RvalueReferenceMoveSemantics.md,026-cpp,P0,126.7,0,12,True,True,True,True,False
026-cpp/050-CCoreGuidelinesResourceManagement.md,026-cpp,P0,131.6,0,12,True,True,True,True,False
026-cpp/009-ATourOfC3rdEditionOnlineExcerpts.md,026-cpp,P0,137.3,0,12,True,True,True,True,False
026-cpp/059-Cpp20Coroutine.md,026-cpp,P0,146.2,0,12,True,True,True,True,False
040-python/062-DecoratorAdvanced.md,040-python,P0,10.6,0,2,False,False,False,False,True
040-python/013-PythonFastAPI.md,040-python,P0,11.1,0,2,False,False,False,False,True
040-python/039-PythonCLI.md,040-python,P0,11.3,0,2,False,False,False,False,True
040-python/033-PythongRPC.md,040-python,P0,11.3,0,2,False,False,False,False,True
040-python/018-ControlFlow.md,040-python,P0,11.4,0,1,False,False,False,False,True
040-python/031-Decorator.md,040-python,P0,11.5,0,1,False,False,False,False,True
040-python/051-ModulePackageEngineering.md,040-python,P0,11.8,0,1,False,False,False,False,True
040-python/016-PythonRedis.md,040-python,P0,12.3,0,2,False,False,False,False,True
040-python/045-ConcurrentProgramming.md,040-python,P0,12.4,0,0,False,False,False,False,True
040-python/063-ExceptionHandling.md,040-python,P0,12.8,0,1,False,False,False,False,True
040-python/019-PythonDocker.md,040-python,P0,12.8,0,4,False,False,False,False,True
040-python/040-PythonDesignPattern.md,040-python,P0,13.3,0,3,False,False,False,False,True
040-python/064-FileIOContextManager.md,040-python,P0,13.4,0,2,False,False,False,False,True
040-python/014-PythonDjango.md,040-python,P0,13.5,0,3,False,False,False,False,True
040-python/066-PythonTheoryKnowledge.md,040-python,P0,13.6,0,1,False,False,False,False,True
040-python/046-PythonDatabaseMigration.md,040-python,P0,13.6,0,4,False,False,False,False,True
040-python/023-PythonComputerVision.md,040-python,P0,13.8,0,2,False,False,False,False,True
040-python/006-CoroutineAsyncio.md,040-python,P0,14.2,0,2,False,False,False,False,True
040-python/032-PythonMessageQueue.md,040-python,P0,14.7,0,4,False,False,False,False,True
040-python/050-ComprehensionGenerator.md,040-python,P0,14.8,0,1,False,False,False,False,True
040-python/027-PythonLog.md,040-python,P0,15.0,0,3,False,False,False,False,True
040-python/048-PythonVectorDatabase.md,040-python,P0,15.7,0,4,False,False,False,False,True
040-python/020-PythonMachineLearning.md,040-python,P0,15.7,0,2,False,False,False,False,True
040-python/034-PythonWebSocket.md,040-python,P0,16.2,0,3,False,False,False,False,True
040-python/037-BuiltinDataStructure.md,040-python,P0,16.2,0,2,False,False,False,False,True
040-python/008-OperatorExpression.md,040-python,P0,16.6,0,1,False,False,False,False,True
040-python/026-FunctionDetailed.md,040-python,P0,17.0,0,2,False,False,False,False,True
040-python/061-OOP.md,040-python,P0,17.7,0,1,False,False,False,False,True
040-python/049-PythonAdvancedLatestFeature.md,040-python,P0,18.0,0,2,False,False,False,False,True
040-python/001-PythonOverviewEnvSetup.md,040-python,P0,18.1,0,4,False,False,False,False,True
040-python/002-ProgramStructureBasicSyntax.md,040-python,P0,18.8,0,2,False,False,False,False,True
040-python/065-PythonProjectExampleWebCrawlerDataAnalysis.md,040-python,P0,19.9,0,1,False,False,False,False,True
040-python/047-PythonOAuth2.md,040-python,P0,20.2,0,3,False,False,False,False,True
040-python/043-PythonGraphQL.md,040-python,P0,20.5,0,10,True,True,True,True,False
040-python/042-PythonJupyter.md,040-python,P0,49.2,0,12,False,False,False,False,True
040-python/041-ASurveyOfPythonPackagingPastPresentAndFuture.md,040-python,P0,49.7,0,12,True,True,True,True,False
040-python/044-PythonCodeQuality.md,040-python,P0,54.7,0,12,False,False,False,False,True
040-python/007-ListComprehensionAdvanced.md,040-python,P0,57.5,0,12,False,False,False,False,True
040-python/012-MultiprocessingMultithreading.md,040-python,P0,59.8,0,12,False,False,False,False,True
040-python/060-TypeAnnotationMypy.md,040-python,P0,60.7,0,12,False,False,False,False,True
040-python/036-PythonPerformance.md,040-python,P0,61.1,0,11,False,False,False,False,True
040-python/055-WeakReference.md,040-python,P0,62.0,0,11,False,False,False,False,True
040-python/056-PackagePublish.md,040-python,P0,62.9,0,12,False,False,False,False,True
040-python/022-PythonAndNLP.md,040-python,P0,64.5,0,12,True,True,True,True,False
040-python/015-DataClassPydantic.md,040-python,P0,66.5,0,11,False,False,False,False,True
040-python/017-PythonCeleryDistributedTaskQueue.md,040-python,P0,67.6,0,12,False,False,False,False,True
040-python/035-PythonCICD.md,040-python,P0,68.2,0,12,False,False,False,False,True
040-python/029-PythonTest.md,040-python,P0,69.0,0,12,False,False,False,False,True
040-python/005-PythonBasicsDataTypeObjectModelPracticeDeepAnalysis.md,040-python,P0,69.2,0,9,False,False,False,False,True
040-python/052-ContextManager.md,040-python,P0,71.4,0,12,False,False,False,False,True
040-python/009-PythonVirtualEnv.md,040-python,P0,71.9,0,12,False,False,False,False,True
040-python/058-DataClassFieldDefault.md,040-python,P0,72.1,0,12,False,False,False,False,True
040-python/054-AsyncProgrammingDetailed.md,040-python,P0,73.0,0,11,False,False,False,False,True
040-python/038-Regex.md,040-python,P0,74.3,0,12,False,False,False,False,True
040-python/021-PythonDeepLearning.md,040-python,P0,76.2,0,12,False,False,False,False,True
040-python/059-GeneratorCoroutine.md,040-python,P0,77.9,0,11,False,False,False,False,True
040-python/004-PythonDescriptorProtocol.md,040-python,P0,78.5,0,12,False,False,False,False,True
040-python/025-PythonAutomationCookbook.md,040-python,P0,79.0,0,11,True,True,True,True,False
040-python/028-PythonAndCryptography.md,040-python,P0,83.9,0,11,True,True,True,True,False
040-python/053-MetaclassSingleton.md,040-python,P0,84.5,0,12,False,False,False,False,True
040-python/057-Descriptor.md,040-python,P0,88.5,0,12,False,False,False,False,True
040-python/011-PythonSQLAlchemy.md,040-python,P0,90.9,0,12,False,False,False,False,True
040-python/003-VariableConstant.md,040-python,P0,93.9,0,12,False,False,False,False,True
040-python/024-WebScrapingWithPython.md,040-python,P0,95.8,0,11,True,True,True,True,False
040-python/030-Python.md,040-python,P0,100.0,0,12,False,False,False,False,True
040-python/010-Metaclass.md,040-python,P0,106.3,0,12,False,False,False,False,True
001-getting-started/003-LearningGuide.md,001-getting-started,P1,2.7,0,2,False,False,False,False,True
001-getting-started/002-DevEnvSetup.md,001-getting-started,P1,2.7,0,0,False,False,False,False,True
001-getting-started/001-GettingStartedGuide.md,001-getting-started,P1,4.7,0,3,False,False,False,False,True
001-getting-started/008-LearningPathPlanning.md,001-getting-started,P1,6.3,0,2,False,False,False,False,True
001-getting-started/014-VCSSelection.md,001-getting-started,P1,6.7,0,2,False,False,False,False,True
001-getting-started/009-EnvVarPath.md,001-getting-started,P1,7.2,0,2,False,False,False,False,True
001-getting-started/011-PluginEcosystem.md,001-getting-started,P1,8.3,0,1,False,False,False,False,True
001-getting-started/016-BuildTool.md,001-getting-started,P1,8.9,0,2,False,False,False,False,True
001-getting-started/015-ProjectInit.md,001-getting-started,P1,9.1,0,1,False,False,False,False,True
001-getting-started/013-PackageManager.md,001-getting-started,P1,9.2,0,1,False,False,False,False,True
001-getting-started/010-IDEEditorSelection.md,001-getting-started,P1,9.2,0,1,False,False,False,False,True
001-getting-started/012-CommandLineBasics.md,001-getting-started,P1,9.6,0,0,False,False,False,False,True
001-getting-started/017-ProgrammingParadigmBasics.md,001-getting-started,P1,9.7,0,0,False,False,False,False,True
001-getting-started/018-DebugThinking.md,001-getting-started,P1,10.3,0,1,False,False,False,False,True
001-getting-started/019-SoftwareDownloadURLSummary.md,001-getting-started,P1,12.0,0,0,False,False,False,False,True
001-getting-started/021-MacOSEnvConfigTutorial.md,001-getting-started,P1,12.5,0,0,False,False,False,False,True
001-getting-started/022-LinuxEnvConfigTutorial.md,001-getting-started,P1,13.6,0,0,False,False,False,False,True
001-getting-started/020-WindowsEnvConfigTutorial.md,001-getting-started,P1,13.7,0,1,False,False,False,False,True
001-getting-started/004-ComputerArchitecture.md,001-getting-started,P1,15.8,0,1,False,False,False,False,True
001-getting-started/005-NumberRepresentationEncoding.md,001-getting-started,P1,16.1,0,0,False,False,False,False,True
001-getting-started/006-ProgrammingBasics.md,001-getting-started,P1,18.2,0,0,False,False,False,False,True
001-getting-started/007-FunctionModular.md,001-getting-started,P1,20.4,0,1,False,False,False,False,True
003-git/024-GitCommitAmend.md,003-git,P1,2.4,0,2,False,False,False,False,True
003-git/033-GitGrep.md,003-git,P1,2.5,0,0,False,False,False,False,True
003-git/029-GitBisect.md,003-git,P1,2.7,0,2,False,False,False,False,True
003-git/032-GitFormatPatch.md,003-git,P1,2.7,0,0,False,False,False,False,True
003-git/028-TagManagement.md,003-git,P1,2.8,0,1,False,False,False,False,True
003-git/031-SparseCheckout.md,003-git,P1,2.8,0,1,False,False,False,False,True
003-git/034-GitWorktree.md,003-git,P1,2.8,0,1,False,False,False,False,True
003-git/014-GitBlame.md,003-git,P1,2.8,0,0,False,False,False,False,True
003-git/020-GitCherryPick.md,003-git,P1,2.9,0,1,False,False,False,False,True
003-git/018-GitMergetool.md,003-git,P1,2.9,0,1,False,False,False,False,True
003-git/026-GitRevert.md,003-git,P1,3.1,0,2,False,False,False,False,True
003-git/025-GitReset.md,003-git,P1,3.4,0,1,False,False,False,False,True
003-git/021-GitStash.md,003-git,P1,3.4,0,1,False,False,False,False,True
003-git/035-GitGc.md,003-git,P1,3.6,0,1,False,False,False,False,True
003-git/022-RemoteTrackingBranch.md,003-git,P1,3.6,0,2,False,False,False,False,True
003-git/030-GitSubmodule.md,003-git,P1,3.8,0,0,False,False,False,False,True
003-git/017-MergeConflictResolution.md,003-git,P1,4.0,0,1,False,False,False,False,True
003-git/015-HEADPointerBranchEssence.md,003-git,P1,4.4,0,2,False,False,False,False,True
003-git/019-GitRebase.md,003-git,P1,4.4,0,2,False,False,False,False,True
003-git/008-SHA1IntegrityCheck.md,003-git,P1,4.9,0,1,False,False,False,False,True
003-git/013-GitReflog.md,003-git,P1,5.0,0,3,False,False,False,False,True
003-git/011-GitRestoreFileOperation.md,003-git,P1,5.1,0,1,False,False,False,False,True
003-git/010-GitDiffStagingOperation.md,003-git,P1,5.2,0,0,False,False,False,False,True
003-git/012-GitLogDetailed.md,003-git,P1,5.3,0,0,False,False,False,False,True
003-git/023-GitFlowGitHubFlow.md,003-git,P1,5.4,0,1,False,False,False,False,True
003-git/007-ObjectModel.md,003-git,P1,5.5,0,1,False,False,False,False,True
003-git/006-DistributedVCSPrinciple.md,003-git,P1,5.6,0,2,False,False,False,False,True
003-git/009-ThreeTrees.md,003-git,P1,6.0,0,1,False,False,False,False,True
003-git/038-GitRevertResetComparison.md,003-git,P1,6.3,0,2,False,False,False,False,True
003-git/036-GitFlowGitHubFlowComparison.md,003-git,P1,6.9,0,3,False,False,False,False,True
003-git/003-GitBasicOperation.md,003-git,P1,7.0,0,1,False,False,False,False,True
003-git/037-InteractiveRebase.md,003-git,P1,7.8,0,2,False,False,False,False,True
003-git/039-CodeReviewBestPractice.md,003-git,P1,7.9,0,1,False,False,False,False,True
003-git/016-GitHookGitLFS.md,003-git,P1,8.4,0,2,False,False,False,False,True
003-git/004-GitBranchManagement.md,003-git,P1,8.7,0,2,False,False,False,False,True
003-git/005-GitRemoteRepoOperation.md,003-git,P1,9.6,0,3,False,False,False,False,True
003-git/002-GitEnvConfigInit.md,003-git,P1,14.2,0,0,False,False,False,False,True
003-git/001-Git.md,003-git,P1,14.8,0,3,False,False,False,False,True
003-git/027-GitPrincipleObjectModel.md,003-git,P1,18.4,0,4,False,False,False,False,True
004-github/014-Discussions.md,004-github,P1,2.1,0,0,False,False,False,False,True
004-github/013-Wikis.md,004-github,P1,2.5,0,1,False,False,False,False,True
004-github/023-GitHubPackages.md,004-github,P1,2.6,0,0,False,False,False,False,True
004-github/020-GitHubCLI.md,004-github,P1,2.7,0,0,False,False,False,False,True
004-github/015-GitHubCopilot.md,004-github,P1,3.0,0,1,False,False,False,False,True
004-github/011-ForkWorkflow.md,004-github,P1,3.1,0,0,False,False,False,False,True
004-github/018-SecretScanning.md,004-github,P1,3.2,0,1,False,False,False,False,True
004-github/019-CodeQLCodeScanning.md,004-github,P1,3.2,0,1,False,False,False,False,True
004-github/006-READMEFile.md,004-github,P1,3.3,0,1,False,False,False,False,True
004-github/010-DependencySecurityOptions.md,004-github,P1,3.5,0,1,False,False,False,False,True
004-github/025-CODEOWNERS.md,004-github,P1,3.5,0,0,False,False,False,False,True
004-github/022-Webhooks.md,004-github,P1,3.6,0,1,False,False,False,False,True
004-github/024-Codespaces.md,004-github,P1,3.7,0,0,False,False,False,False,True
004-github/009-OpenSourceLicense.md,004-github,P1,3.8,0,0,False,False,False,False,True
004-github/008-GitignoreConfig.md,004-github,P1,3.8,0,0,False,False,False,False,True
004-github/012-ProjectsBoard.md,004-github,P1,3.8,0,0,False,False,False,False,True
004-github/016-Dependabot.md,004-github,P1,4.3,0,0,False,False,False,False,True
004-github/021-RESTGraphQLAPI.md,004-github,P1,4.4,0,0,False,False,False,False,True
004-github/026-CommunityHealthFile.md,004-github,P1,4.8,0,0,False,False,False,False,True
004-github/033-ActionsCacheDependency.md,004-github,P1,6.2,0,1,False,False,False,False,True
004-github/035-ActionsArtifact.md,004-github,P1,7.0,0,0,False,False,False,False,True
004-github/032-ActionsMatrixBuild.md,004-github,P1,7.1,0,1,False,False,False,False,True
004-github/030-ActionsTrigger.md,004-github,P1,7.1,0,1,False,False,False,False,True
004-github/034-ActionsSelfHostedRunner.md,004-github,P1,7.3,0,0,False,False,False,False,True
004-github/036-ActionsEnvironmentDeploy.md,004-github,P1,7.6,0,1,False,False,False,False,True
004-github/001-GitHubOverview.md,004-github,P1,8.8,0,0,False,False,False,False,True
004-github/027-PullRequestCompleteCollaborationFlow.md,004-github,P1,9.2,0,3,False,False,False,False,True
004-github/002-AccountRegister2FA2FA.md,004-github,P1,10.2,0,3,False,False,False,False,True
004-github/017-IssuesTemplateTagMilestone.md,004-github,P1,10.4,0,1,False,False,False,False,True
004-github/005-CollaborationDevelopmentStandard.md,004-github,P1,11.2,0,3,False,False,False,False,True
004-github/004-SSHHTTPS.md,004-github,P1,11.5,0,4,False,False,False,False,True
004-github/003-RepositoryCreateCloneArchiveDelete.md,004-github,P1,11.7,0,4,False,False,False,False,True
004-github/007-BranchModelBranchRule.md,004-github,P1,12.2,0,3,False,False,False,False,True
004-github/028-GitHubPagesMultiSolution.md,004-github,P1,14.2,0,2,False,False,False,False,True
004-github/029-GitHubActionsCICD.md,004-github,P1,14.2,0,3,False,False,False,False,True
004-github/031-FAQTroubleshoot.md,004-github,P1,14.2,0,4,False,False,False,False,True
005-english/011-EnglishToChineseTechnique.md,005-english,P1,9.8,0,0,False,False,False,False,True
005-english/008-AcademicPaperReadingGuide.md,005-english,P1,9.9,0,2,False,False,False,False,True
005-english/007-TechDocReadingMethod.md,005-english,P1,10.0,0,4,False,False,False,False,True
005-english/009-AcademicWritingStandard.md,005-english,P1,10.3,0,2,False,False,False,False,True
005-english/010-TechDocWriting.md,005-english,P1,10.5,0,2,False,False,False,False,True
005-english/013-TechTranslationPoints.md,005-english,P1,10.6,0,1,False,False,False,False,True
005-english/012-ChineseToEnglishTechnique.md,005-english,P1,11.1,0,2,False,False,False,False,True
005-english/005-LongDifficultSentenceBreakdownTechnique.md,005-english,P1,12.1,0,3,False,False,False,False,True
005-english/003-SentenceStructureAnalysis.md,005-english,P1,12.9,0,0,False,False,False,False,True
005-english/002-EnglishGrammarSystemOverview.md,005-english,P1,13.4,0,0,False,False,False,False,True
005-english/004-CompoundSentenceClause.md,005-english,P1,13.8,0,0,False,False,False,False,True
005-english/006-CommonGrammarErrorSummary.md,005-english,P1,18.4,0,0,False,False,False,False,True
005-english/001-ComputerProfessionalEnglishVocabulary.md,005-english,P1,37.3,0,0,False,False,False,False,True
020-mysql/040-GTID.md,020-mysql,P2,1.5,0,1,False,False,False,False,True
020-mysql/048-FirewallPlugin.md,020-mysql,P2,1.7,0,0,False,False,False,False,True
020-mysql/041-ParallelReplication.md,020-mysql,P2,1.7,0,0,False,False,False,False,True
020-mysql/050-DataEncryption.md,020-mysql,P2,1.8,0,1,False,False,False,False,True
020-mysql/056-InvisibleIndex.md,020-mysql,P2,1.8,0,1,False,False,False,False,True
020-mysql/034-LogSystem.md,020-mysql,P2,1.8,0,1,False,False,False,False,True
020-mysql/013-PrefixIndex.md,020-mysql,P2,1.9,0,0,False,False,False,False,True
020-mysql/035-LogicalBackup.md,020-mysql,P2,1.9,0,0,False,False,False,False,True
020-mysql/047-SSLEncryption.md,020-mysql,P2,1.9,0,0,False,False,False,False,True
020-mysql/043-InnoDBCluster.md,020-mysql,P2,1.9,0,0,False,False,False,False,True
020-mysql/022-DerivedTableOptimization.md,020-mysql,P2,2.0,0,0,False,False,False,False,True
020-mysql/058-FunctionalIndex.md,020-mysql,P2,2.0,0,0,False,False,False,False,True
020-mysql/042-GroupReplication.md,020-mysql,P2,2.0,0,0,False,False,False,False,True
020-mysql/036-PhysicalBackup.md,020-mysql,P2,2.1,0,1,False,False,False,False,True
020-mysql/037-PITR.md,020-mysql,P2,2.1,0,0,False,False,False,False,True
020-mysql/038-Replication.md,020-mysql,P2,2.1,0,1,False,False,False,False,True
020-mysql/019-SlowQueryLog.md,020-mysql,P2,2.2,0,0,False,False,False,False,True
020-mysql/046-AccountPermissionManagement.md,020-mysql,P2,2.2,0,0,False,False,False,False,True
020-mysql/011-IndexConditionPushdown.md,020-mysql,P2,2.2,0,1,False,False,False,False,True
020-mysql/053-VectorType.md,020-mysql,P2,2.3,0,0,False,False,False,False,True
020-mysql/033-UndoLog.md,020-mysql,P2,2.3,0,2,False,False,False,False,True
020-mysql/030-DistributedTransaction.md,020-mysql,P2,2.3,0,0,False,False,False,False,True
020-mysql/044-PartitionedTable.md,020-mysql,P2,2.3,0,0,False,False,False,False,True
020-mysql/014-IndexHintForceIndex.md,020-mysql,P2,2.4,0,1,False,False,False,False,True
020-mysql/045-ShardingMiddleware.md,020-mysql,P2,2.4,0,0,False,False,False,False,True
020-mysql/054-JSONSchemaValidationAggregate.md,020-mysql,P2,2.5,0,0,False,False,False,False,True
020-mysql/023-GroupByOrderByOptimization.md,020-mysql,P2,2.5,0,0,False,False,False,False,True
020-mysql/032-RedoLog.md,020-mysql,P2,2.6,0,1,False,False,False,False,True
020-mysql/025-TransactionIsolationImplementation.md,020-mysql,P2,2.6,0,1,False,False,False,False,True
020-mysql/021-SubqueryOptimization.md,020-mysql,P2,2.6,0,0,False,False,False,False,True
020-mysql/015-IndexStatsHistogram.md,020-mysql,P2,2.7,0,0,False,False,False,False,True
020-mysql/007-MemoryStorageEngine.md,020-mysql,P2,2.7,0,1,False,False,False,False,True
020-mysql/017-IndexFailureScene.md,020-mysql,P2,2.8,0,0,False,False,False,False,True
020-mysql/020-OptimizerTrace.md,020-mysql,P2,2.8,0,0,False,False,False,False,True
020-mysql/031-Binlog.md,020-mysql,P2,2.9,0,0,False,False,False,False,True
020-mysql/012-FullTextIndex.md,020-mysql,P2,2.9,0,1,False,False,False,False,True
020-mysql/026-MVCCPrinciple.md,020-mysql,P2,2.9,0,1,False,False,False,False,True
020-mysql/024-JOINAlgorithm.md,020-mysql,P2,3.0,0,1,False,False,False,False,True
020-mysql/051-MySQLIndexExecutionPlan.md,020-mysql,P2,3.2,0,0,False,False,False,False,True
020-mysql/029-DeadlockDetectionHandling.md,020-mysql,P2,3.2,0,0,False,False,False,False,True
020-mysql/010-CompositeIndexLeftmostPrefixPrinciple.md,020-mysql,P2,3.7,0,0,False,False,False,False,True
020-mysql/028-LockClassification.md,020-mysql,P2,3.8,0,1,False,False,False,False,True
020-mysql/003-MySQLDataTypeConstraint.md,020-mysql,P2,4.2,0,0,False,False,False,False,True
020-mysql/018-EXPLAINDetailed.md,020-mysql,P2,4.3,0,0,False,False,False,False,True
020-mysql/008-NDBCluster.md,020-mysql,P2,4.4,0,0,False,False,False,False,True
020-mysql/005-MyISAMStorageEngine.md,020-mysql,P2,4.6,0,1,False,False,False,False,True
020-mysql/009-ClusteredIndexSecondaryIndex.md,020-mysql,P2,5.3,0,0,False,False,False,False,True
020-mysql/065-GapLockNextKeyLockSolutionPhantomRead.md,020-mysql,P2,6.2,0,1,False,False,False,False,True
020-mysql/066-ReplicationDelayCauseSolution.md,020-mysql,P2,6.2,0,0,False,False,False,False,True
020-mysql/060-MVCCSnapshotCurrentRead.md,020-mysql,P2,7.4,0,2,False,False,False,False,True
020-mysql/068-JSONTypeJSONTable.md,020-mysql,P2,7.6,0,1,False,False,False,False,True
020-mysql/064-TwoPhaseCommit.md,020-mysql,P2,7.9,0,2,False,False,False,False,True
020-mysql/063-RedoUndoBinlogWriteTiming.md,020-mysql,P2,8.0,0,2,False,False,False,False,True
020-mysql/067-ShardingStrategy.md,020-mysql,P2,8.5,0,2,False,False,False,False,True
020-mysql/073-SQLInjectionBasicsDetection.md,020-mysql,P2,10.0,0,4,False,False,False,False,True
020-mysql/062-TriggerEvent.md,020-mysql,P2,10.4,0,2,False,False,False,False,True
020-mysql/077-MySQLTheoryKnowledge.md,020-mysql,P2,10.8,0,2,False,False,False,False,True
020-mysql/059-StoredProcedureAndFunction.md,020-mysql,P2,10.9,0,1,False,False,False,False,True
020-mysql/002-MySQLEnvSetup.md,020-mysql,P2,11.1,0,1,False,False,False,False,True
020-mysql/027-MultiTableJoinDetailed.md,020-mysql,P2,12.2,0,2,False,False,False,False,True
020-mysql/061-IndexPrinciplePerformanceOptimization.md,020-mysql,P2,12.8,0,2,False,False,False,False,True
020-mysql/074-SQLInjectionAttackTypePractice.md,020-mysql,P2,13.0,0,3,False,False,False,False,True
020-mysql/069-TransactionLockMechanism.md,020-mysql,P2,13.3,0,3,False,False,False,False,True
020-mysql/072-MySQLControlApplication.md,020-mysql,P2,14.1,0,1,False,False,False,False,True
020-mysql/006-SQLDataOperationQuery.md,020-mysql,P2,14.2,0,3,False,False,False,False,True
020-mysql/004-SQLDataDefinitionAdvanced.md,020-mysql,P2,14.4,0,1,False,False,False,False,True
020-mysql/071-MySQLQuickLookup.md,020-mysql,P2,15.4,0,2,False,False,False,False,True
020-mysql/016-SQLFunctionAndAdvancedQuery.md,020-mysql,P2,16.6,0,1,False,False,False,False,True
020-mysql/076-MySQLProjectExampleDatabaseDesign.md,020-mysql,P2,16.8,0,1,False,False,False,False,True
020-mysql/001-MySQLOverviewDatabaseDesign.md,020-mysql,P2,17.0,0,4,False,False,False,False,True
020-mysql/052-MySQL9NewFeaturesParallelQuery.md,020-mysql,P2,17.4,0,2,False,False,False,False,True
020-mysql/055-ReplicationHA.md,020-mysql,P2,18.8,0,1,False,False,False,False,True
020-mysql/070-MySQLConfigOps.md,020-mysql,P2,19.5,0,2,False,False,False,False,True
020-mysql/049-InnoDBSystemArchitecture.md,020-mysql,P2,19.6,0,2,False,False,False,False,True
020-mysql/057-PerformanceTuningSecurity.md,020-mysql,P2,23.5,0,4,False,False,False,False,True
020-mysql/075-SQLInjectionDefenseStrategy.md,020-mysql,P2,23.9,0,2,False,False,False,False,True
020-mysql/039-AdvancedQueryMultiTableOperation.md,020-mysql,P2,27.5,0,1,False,False,False,False,True
021-postgresql/016-PartitionPruningPartitionJoin.md,021-postgresql,P2,1.4,0,0,False,False,False,False,True
021-postgresql/032-SSLEncryptionConnection.md,021-postgresql,P2,1.4,0,0,False,False,False,False,True
021-postgresql/018-MERGEStatementEnhancement.md,021-postgresql,P2,1.5,0,0,False,False,False,False,True
021-postgresql/030-IncrementalBackup.md,021-postgresql,P2,1.6,0,0,False,False,False,False,True
021-postgresql/036-AuditLog.md,021-postgresql,P2,1.6,0,0,False,False,False,False,True
021-postgresql/035-DataEncryptionStorage.md,021-postgresql,P2,1.6,0,0,False,False,False,False,True
021-postgresql/029-LogicalDecodingOutputPlugin.md,021-postgresql,P2,1.7,0,0,False,False,False,False,True
021-postgresql/031-SubscribePublish.md,021-postgresql,P2,1.7,0,0,False,False,False,False,True
021-postgresql/024-ExtensionModule.md,021-postgresql,P2,1.7,0,0,False,False,False,False,True
021-postgresql/038-GeneratedColumn.md,021-postgresql,P2,1.8,0,0,False,False,False,False,True
021-postgresql/033-RoleBasedPermissionManagement.md,021-postgresql,P2,1.8,0,0,False,False,False,False,True
021-postgresql/012-CoveringIndexPartialIndex.md,021-postgresql,P2,1.8,0,0,False,False,False,False,True
021-postgresql/019-JSONTABLE.md,021-postgresql,P2,1.8,0,0,False,False,False,False,True
021-postgresql/037-SequenceAutoIncrement.md,021-postgresql,P2,1.8,0,0,False,False,False,False,True
021-postgresql/010-TransactionIDWraparoundPrevention.md,021-postgresql,P2,1.8,0,1,False,False,False,False,True
021-postgresql/034-RowLevelSecurity.md,021-postgresql,P2,1.9,0,0,False,False,False,False,True
021-postgresql/025-FDWFDW.md,021-postgresql,P2,2.0,0,0,False,False,False,False,True
021-postgresql/039-UpdatableView.md,021-postgresql,P2,2.0,0,0,False,False,False,False,True
021-postgresql/021-GeoSpatialObject.md,021-postgresql,P2,2.0,0,0,False,False,False,False,True
021-postgresql/026-StreamingReplication.md,021-postgresql,P2,2.1,0,0,False,False,False,False,True
021-postgresql/020-FullTextSearch.md,021-postgresql,P2,2.2,0,0,False,False,False,False,True
021-postgresql/022-StoredProcedureAndFunction.md,021-postgresql,P2,2.2,0,0,False,False,False,False,True
021-postgresql/014-QueryOptimization.md,021-postgresql,P2,2.2,0,0,False,False,False,False,True
021-postgresql/013-KNNVectorIndex.md,021-postgresql,P2,2.2,0,0,False,False,False,False,True
021-postgresql/015-PartitionedTable.md,021-postgresql,P2,2.3,0,0,False,False,False,False,True
021-postgresql/017-AdvancedSQL.md,021-postgresql,P2,2.4,0,0,False,False,False,False,True
021-postgresql/023-TriggerEventTrigger.md,021-postgresql,P2,2.5,0,0,False,False,False,False,True
021-postgresql/011-IndexType.md,021-postgresql,P2,2.8,0,1,False,False,False,False,True
021-postgresql/006-SystemArchitecture.md,021-postgresql,P2,2.9,0,1,False,False,False,False,True
021-postgresql/007-LockMechanism.md,021-postgresql,P2,4.0,0,1,False,False,False,False,True
021-postgresql/042-JSONBJSONDifference.md,021-postgresql,P2,6.6,0,0,False,False,False,False,True
021-postgresql/040-ParallelQuery.md,021-postgresql,P2,7.1,0,1,False,False,False,False,True
021-postgresql/041-LogicalPhysicalReplicationCompare.md,021-postgresql,P2,7.4,0,1,False,False,False,False,True
021-postgresql/043-ExtensionModuleDetailed.md,021-postgresql,P2,7.4,0,0,False,False,False,False,True
021-postgresql/001-OverviewInstallConfig.md,021-postgresql,P2,9.4,0,1,False,False,False,False,True
021-postgresql/028-PhysicalReplicationSlot.md,021-postgresql,P2,9.6,0,3,False,False,False,False,True
021-postgresql/005-ReplicationHA.md,021-postgresql,P2,10.2,0,1,False,False,False,False,True
021-postgresql/027-CascadingReplication.md,021-postgresql,P2,10.3,0,2,False,False,False,False,True
021-postgresql/008-DeadlockDetectionHandling.md,021-postgresql,P2,11.0,0,4,False,False,False,False,True
021-postgresql/004-AdvancedSQLExtension.md,021-postgresql,P2,12.1,0,1,False,False,False,False,True
021-postgresql/003-IndexQueryOptimization.md,021-postgresql,P2,13.9,0,0,False,False,False,False,True
021-postgresql/002-TransactionConcurrencyControl.md,021-postgresql,P2,138.6,0,10,False,False,False,False,True
021-postgresql/009-VACUUMMechanism.md,021-postgresql,P2,169.0,0,10,False,False,False,False,True
022-redis/006-NumberStats.md,022-redis,P2,1.6,0,0,False,False,False,False,True
022-redis/005-BitGraph.md,022-redis,P2,1.8,0,0,False,False,False,False,True
022-redis/009-VectorSet.md,022-redis,P2,1.9,0,0,False,False,False,False,True
022-redis/007-GeoSpatial.md,022-redis,P2,1.9,0,1,False,False,False,False,True
022-redis/017-ReplicationBuffer.md,022-redis,P2,5.5,0,1,False,False,False,False,True
022-redis/019-RedisClusterHashSlot.md,022-redis,P2,5.6,0,1,False,False,False,False,True
022-redis/018-SentinelElection.md,022-redis,P2,5.7,0,1,False,False,False,False,True
022-redis/023-MemoryEvictionPolicy.md,022-redis,P2,5.7,0,2,False,False,False,False,True
022-redis/020-PipeTransactionAtomic.md,022-redis,P2,5.8,0,2,False,False,False,False,True
022-redis/015-StringSDSStructure.md,022-redis,P2,6.1,0,0,False,False,False,False,True
022-redis/021-LuaScriptAtomicExecution.md,022-redis,P2,6.1,0,2,False,False,False,False,True
022-redis/016-SkipListAndSortedSet.md,022-redis,P2,6.4,0,1,False,False,False,False,True
022-redis/013-DisklessReplication.md,022-redis,P2,7.4,0,2,False,False,False,False,True
022-redis/012-MixedPersistence.md,022-redis,P2,7.7,0,2,False,False,False,False,True
022-redis/022-CachePenetrationBreakdownAvalanche.md,022-redis,P2,8.2,0,1,False,False,False,False,True
022-redis/011-AOFLogPersistence.md,022-redis,P2,8.5,0,2,False,False,False,False,True
022-redis/010-RDBSnapshotPersistence.md,022-redis,P2,8.6,0,3,False,False,False,False,True
022-redis/014-ModuleSystem.md,022-redis,P2,9.6,0,2,False,False,False,False,True
022-redis/003-ClusterHA.md,022-redis,P2,10.4,0,0,False,False,False,False,True
022-redis/002-PersistenceModule.md,022-redis,P2,10.4,0,2,False,False,False,False,True
022-redis/001-OverviewCoreDataStructure.md,022-redis,P2,12.4,0,1,False,False,False,False,True
022-redis/004-CacheStrategyAdvancedFeature.md,022-redis,P2,12.6,0,1,False,False,False,False,True
022-redis/008-Stream.md,022-redis,P2,205.8,0,7,False,False,False,False,True
023-algorithm/005-LinkedList.md,023-algorithm,P2,18.8,0,2,False,False,False,False,True
023-algorithm/010-GreedyAlgorithm.md,023-algorithm,P2,62.2,0,10,True,False,True,True,False
023-algorithm/022-LevelDBREADMEMemTableImplementation.md,023-algorithm,P2,70.6,0,11,True,False,True,True,False
023-algorithm/019-RedisClusterHashSlotAndConsistentHashingDesignNotes.md,023-algorithm,P2,73.7,0,11,True,False,True,True,False
023-algorithm/021-PostgreSQLStatisticsCollector.md,023-algorithm,P2,75.0,0,12,True,False,True,True,False
023-algorithm/026-MIT6006IntroductionToAlgorithmsAllPairsShortestPaths.md,023-algorithm,P2,81.4,0,12,True,False,True,True,False
023-algorithm/009-GaussAndTheHistoryOfTheFastFourierTransform.md,023-algorithm,P2,83.1,0,12,True,False,True,True,False
023-algorithm/003-ConcurrencyInGoToolsAndTechniquesForDevelopers.md,023-algorithm,P2,84.8,0,10,True,False,True,True,False
023-algorithm/025-LeetCodeBitmaskDPProblemsCollection.md,023-algorithm,P2,85.3,0,12,True,False,True,True,False
023-algorithm/007-TheUbiquitousBTree.md,023-algorithm,P2,86.7,0,11,True,False,True,True,False
023-algorithm/014-NumPyArraysABeginnerGuideCSRCSCSparseMatrixFormats.md,023-algorithm,P2,90.9,0,11,True,False,True,True,False
023-algorithm/006-HashTable.md,023-algorithm,P2,91.1,0,11,True,False,True,True,False
023-algorithm/027-BoostGraphLibrary1860KruskalMinimumSpanningTree.md,023-algorithm,P2,93.1,0,12,True,False,True,True,False
023-algorithm/016-HeapAndPriorityQueue.md,023-algorithm,P2,93.4,0,12,True,False,True,True,False
023-algorithm/011-NQueensBenchmarkBitManipulationApproach.md,023-algorithm,P2,94.6,0,12,True,False,True,True,False
023-algorithm/004-SearchAlgorithm.md,023-algorithm,P2,96.5,0,10,True,False,True,True,False
023-algorithm/015-PostgreSQLBTreeIndexImplementation.md,023-algorithm,P2,98.3,0,12,True,False,True,True,False
023-algorithm/024-LinuxKernelLibStringCStringMatchingRoutines.md,023-algorithm,P2,98.7,0,12,True,False,True,True,False
023-algorithm/001-MIT6006IntroductionToAlgorithms.md,023-algorithm,P2,106.2,0,12,True,False,True,True,False
023-algorithm/017-CPythonBisectPyArrayBisectionAlgorithmImplementation.md,023-algorithm,P2,108.1,0,10,True,False,True,True,False
023-algorithm/028-MIT6006IntroductionToAlgorithmsDirectedGraphs.md,023-algorithm,P2,113.4,0,12,True,False,True,True,False
023-algorithm/029-MillenniumPrizeProblemsPVersusNP.md,023-algorithm,P2,114.3,0,12,True,False,True,True,False
023-algorithm/002-SortAlgorithm.md,023-algorithm,P2,114.6,0,10,True,False,True,True,False
023-algorithm/023-SquidCacheProxyCacheDigests.md,023-algorithm,P2,116.3,0,12,True,False,True,True,False
023-algorithm/013-ArtificialIntelligenceAModernApproach.md,023-algorithm,P2,134.3,0,12,True,True,True,True,False
023-algorithm/008-GraphAlgorithmsCPAlgorithms.md,023-algorithm,P2,134.3,0,11,True,True,True,True,False
023-algorithm/018-InternationalCollegiateProgrammingContestICPC.md,023-algorithm,P2,142.2,0,11,True,False,True,True,False
023-algorithm/020-AtCoderLibrarySegmentTree.md,023-algorithm,P2,148.0,0,11,True,True,True,True,False
023-algorithm/012-RipgrepRecursivelySearchDirectoriesForARegexPattern.md,023-algorithm,P2,159.6,0,11,True,True,True,True,False
023-algorithm/030-CS261AlgorithmsNetworkFlows.md,023-algorithm,P2,162.8,0,11,True,True,True,True,False
024-cs-fundamentals/052-LexicalAnalysis.md,024-cs-fundamentals,P2,4.6,0,2,False,False,False,False,True
024-cs-fundamentals/048-WebSocketFrameFormat.md,024-cs-fundamentals,P2,4.6,0,2,False,False,False,False,True
024-cs-fundamentals/042-HTTPCacheStrategy.md,024-cs-fundamentals,P2,4.9,0,2,False,False,False,False,True
024-cs-fundamentals/057-TargetCodeGeneration.md,024-cs-fundamentals,P2,4.9,0,2,False,False,False,False,True
024-cs-fundamentals/051-BGPRoute.md,024-cs-fundamentals,P2,5.0,0,2,False,False,False,False,True
024-cs-fundamentals/038-FileSystemInode.md,024-cs-fundamentals,P2,5.0,0,2,False,False,False,False,True
024-cs-fundamentals/053-GrammarAnalysis.md,024-cs-fundamentals,P2,5.2,0,2,False,False,False,False,True
024-cs-fundamentals/047-CDNPrinciple.md,024-cs-fundamentals,P2,5.2,0,2,False,False,False,False,True
024-cs-fundamentals/046-DNSFlow.md,024-cs-fundamentals,P2,5.4,0,2,False,False,False,False,True
024-cs-fundamentals/037-PageReplacementAlgorithm.md,024-cs-fundamentals,P2,5.4,0,2,False,False,False,False,True
024-cs-fundamentals/044-TCPControl.md,024-cs-fundamentals,P2,5.4,0,2,False,False,False,False,True
024-cs-fundamentals/049-QUIC.md,024-cs-fundamentals,P2,5.4,0,2,False,False,False,False,True
024-cs-fundamentals/033-PCBThreadTCB.md,024-cs-fundamentals,P2,5.5,0,2,False,False,False,False,True
024-cs-fundamentals/040-ZeroCopy.md,024-cs-fundamentals,P2,5.6,0,2,False,False,False,False,True
024-cs-fundamentals/045-TCP.md,024-cs-fundamentals,P2,5.7,0,2,False,False,False,False,True
024-cs-fundamentals/041-IPC.md,024-cs-fundamentals,P2,5.8,0,2,False,False,False,False,True
024-cs-fundamentals/016-InformationSecurityBasics.md,024-cs-fundamentals,P2,5.8,0,1,False,False,False,False,True
024-cs-fundamentals/035-UserModeKernelModeSwitch.md,024-cs-fundamentals,P2,5.9,0,2,False,False,False,False,True
024-cs-fundamentals/050-ARPARP.md,024-cs-fundamentals,P2,5.9,0,2,False,False,False,False,True
024-cs-fundamentals/054-SemanticAnalysis.md,024-cs-fundamentals,P2,5.9,0,2,False,False,False,False,True
024-cs-fundamentals/055-IntermediateCode.md,024-cs-fundamentals,P2,5.9,0,2,False,False,False,False,True
024-cs-fundamentals/026-ComputerShape.md,024-cs-fundamentals,P2,6.0,0,0,False,False,False,False,True
024-cs-fundamentals/043-HTTPSHandshake.md,024-cs-fundamentals,P2,6.0,0,2,False,False,False,False,True
024-cs-fundamentals/024-MultimediaTechnology.md,024-cs-fundamentals,P2,6.0,0,2,False,False,False,False,True
024-cs-fundamentals/039-DiskScheduling.md,024-cs-fundamentals,P2,6.1,0,2,False,False,False,False,True
024-cs-fundamentals/022-ComputerNetworkAdvanced.md,024-cs-fundamentals,P2,6.1,0,2,False,False,False,False,True
024-cs-fundamentals/056-CodeOptimization.md,024-cs-fundamentals,P2,6.2,0,2,False,False,False,False,True
024-cs-fundamentals/028-SoftwareSystemStructure.md,024-cs-fundamentals,P2,6.2,0,0,False,False,False,False,True
024-cs-fundamentals/023-NetworkSecurity.md,024-cs-fundamentals,P2,6.3,0,1,False,False,False,False,True
024-cs-fundamentals/036-MemorySegmentationAndPaging.md,024-cs-fundamentals,P2,6.4,0,2,False,False,False,False,True
024-cs-fundamentals/029-HCI.md,024-cs-fundamentals,P2,6.5,0,0,False,False,False,False,True
024-cs-fundamentals/020-CompilePrincipleAdvanced.md,024-cs-fundamentals,P2,6.6,0,1,False,False,False,False,True
024-cs-fundamentals/008-DataRepresentationOperation.md,024-cs-fundamentals,P2,6.7,0,1,False,False,False,False,True
024-cs-fundamentals/034-InterruptAndSystemCall.md,024-cs-fundamentals,P2,6.8,0,2,False,False,False,False,True
024-cs-fundamentals/030-ProgrammingLanguageTheory.md,024-cs-fundamentals,P2,6.9,0,0,False,False,False,False,True
024-cs-fundamentals/012-ParallelCalculate.md,024-cs-fundamentals,P2,7.0,0,0,False,False,False,False,True
024-cs-fundamentals/015-FormalLanguageAndAutomata.md,024-cs-fundamentals,P2,7.1,0,1,False,False,False,False,True
024-cs-fundamentals/021-OperatingSystemAdvanced.md,024-cs-fundamentals,P2,7.2,0,1,False,False,False,False,True
024-cs-fundamentals/019-DatabaseSystemPrinciple.md,024-cs-fundamentals,P2,7.3,0,1,False,False,False,False,True
024-cs-fundamentals/011-BusAndInterface.md,024-cs-fundamentals,P2,7.5,0,1,False,False,False,False,True
024-cs-fundamentals/013-DistributedSystem.md,024-cs-fundamentals,P2,7.5,0,1,False,False,False,False,True
024-cs-fundamentals/014-AlgorithmDesignAnalysis.md,024-cs-fundamentals,P2,7.6,0,0,False,False,False,False,True
024-cs-fundamentals/005-DigitalLogic.md,024-cs-fundamentals,P2,7.6,0,2,False,False,False,False,True
024-cs-fundamentals/009-DirectivePipeline.md,024-cs-fundamentals,P2,7.7,0,2,False,False,False,False,True
024-cs-fundamentals/007-ComputerPrinciple.md,024-cs-fundamentals,P2,7.9,0,1,False,False,False,False,True
024-cs-fundamentals/025-AIFundamentals.md,024-cs-fundamentals,P2,8.1,0,1,False,False,False,False,True
024-cs-fundamentals/018-SoftwareEngineering.md,024-cs-fundamentals,P2,8.3,0,1,False,False,False,False,True
024-cs-fundamentals/010-StorageSystem.md,024-cs-fundamentals,P2,8.3,0,1,False,False,False,False,True
024-cs-fundamentals/001-ComputerOverview.md,024-cs-fundamentals,P2,17.5,0,3,False,False,False,False,True
024-cs-fundamentals/006-DiscreteMathematics.md,024-cs-fundamentals,P2,19.7,0,2,False,False,False,False,True
024-cs-fundamentals/017-CompilePrinciple.md,024-cs-fundamentals,P2,21.4,0,2,False,False,False,False,True
024-cs-fundamentals/002-ComputerArchitecture.md,024-cs-fundamentals,P2,22.9,0,3,False,False,False,False,True
024-cs-fundamentals/004-ComputerNetwork.md,024-cs-fundamentals,P2,23.3,0,2,False,False,False,False,True
024-cs-fundamentals/003-OperatingSystem.md,024-cs-fundamentals,P2,27.5,0,2,False,False,False,False,True
024-cs-fundamentals/027-DesignPattern.md,024-cs-fundamentals,P2,29.8,0,3,False,False,False,False,True
024-cs-fundamentals/031-NetworkProtocolDeep.md,024-cs-fundamentals,P2,35.0,0,2,False,False,False,False,True
024-cs-fundamentals/032-CompileAndRuntime.md,024-cs-fundamentals,P2,40.3,0,4,False,False,False,False,True
027-calculus/014-IndefiniteIntegralExamples.md,027-calculus,P2,5.0,0,0,False,False,False,False,True
027-calculus/015-DefiniteIntegralApplicationExamples.md,027-calculus,P2,5.4,0,0,False,False,False,False,True
027-calculus/012-DerivativeAndDifferentialExamples.md,027-calculus,P2,6.0,0,0,False,False,False,False,True
027-calculus/017-MultipleIntegralExamples.md,027-calculus,P2,6.0,0,0,False,False,False,False,True
027-calculus/019-InfiniteSeriesAndODEExamples.md,027-calculus,P2,6.5,0,0,False,False,False,False,True
027-calculus/011-FunctionAndLimitExamples.md,027-calculus,P2,6.5,0,1,False,False,False,False,True
027-calculus/004-IndefiniteIntegral.md,027-calculus,P2,7.0,0,0,False,False,False,False,True
027-calculus/016-MultivariateFunctionDifferentialExamples.md,027-calculus,P2,7.1,0,0,False,False,False,False,True
027-calculus/013-DifferentialMeanValueTheoremExamples.md,027-calculus,P2,7.4,0,0,False,False,False,False,True
027-calculus/018-CurveAndSurfaceIntegralExamples.md,027-calculus,P2,7.8,0,0,False,False,False,False,True
027-calculus/008-CurveAndSurfaceIntegral.md,027-calculus,P2,9.0,0,0,False,False,False,False,True
027-calculus/006-MultivariateFunctionDifferential.md,027-calculus,P2,9.2,0,0,False,False,False,False,True
027-calculus/009-FormulaQuickReference.md,027-calculus,P2,11.2,0,0,False,False,False,False,True
027-calculus/010-InfiniteSeriesAndODE.md,027-calculus,P2,13.4,0,0,False,False,False,False,True
027-calculus/001-FunctionAndLimit.md,027-calculus,P2,117.9,0,12,True,True,True,True,False
027-calculus/007-MultipleIntegral.md,027-calculus,P2,119.5,0,11,True,True,True,True,False
027-calculus/002-PhilosophiaeNaturalisPrincipiaMathematica.md,027-calculus,P2,126.9,0,12,True,True,True,True,False
027-calculus/005-DefiniteIntegralAndApplication.md,027-calculus,P2,138.8,0,12,True,True,True,True,False
027-calculus/003-AMeanValueTheorem.md,027-calculus,P2,149.1,0,11,True,True,True,True,False
028-discrete-math/005-GraphTheoryBasics.md,028-discrete-math,P2,7.0,0,0,False,False,False,False,True
028-discrete-math/004-FunctionAndNumber.md,028-discrete-math,P2,7.1,0,0,False,False,False,False,True
028-discrete-math/002-PredicateLogic.md,028-discrete-math,P2,7.1,0,1,False,False,False,False,True
028-discrete-math/006-GraphTheoryAdvanced.md,028-discrete-math,P2,7.1,0,0,False,False,False,False,True
028-discrete-math/007-AlgebraicSystem.md,028-discrete-math,P2,7.3,0,0,False,False,False,False,True
028-discrete-math/003-SetAndRelation.md,028-discrete-math,P2,7.3,0,0,False,False,False,False,True
028-discrete-math/008-Combinatorics.md,028-discrete-math,P2,8.3,0,1,False,False,False,False,True
028-discrete-math/001-PropositionalLogic.md,028-discrete-math,P2,8.4,0,1,False,False,False,False,True
029-linear-algebra/030-QuadraticFormStandardForm.md,029-linear-algebra,P2,4.6,0,1,False,False,False,False,True
029-linear-algebra/010-MatrixRank.md,029-linear-algebra,P2,4.9,0,0,False,False,False,False,True
029-linear-algebra/034-LU.md,029-linear-algebra,P2,5.0,0,0,False,False,False,False,True
029-linear-algebra/008-InverseMatrix.md,029-linear-algebra,P2,5.0,0,0,False,False,False,False,True
029-linear-algebra/013-GaussianElimination.md,029-linear-algebra,P2,5.0,0,1,False,False,False,False,True
029-linear-algebra/035-QR.md,029-linear-algebra,P2,5.1,0,0,False,False,False,False,True
029-linear-algebra/005-CramersRule.md,029-linear-algebra,P2,5.2,0,0,False,False,False,False,True
029-linear-algebra/031-QuadraticFormCanonicalForm.md,029-linear-algebra,P2,5.4,0,0,False,False,False,False,True
029-linear-algebra/028-RealSymmetricMatrixDiagonalization.md,029-linear-algebra,P2,5.4,0,0,False,False,False,False,True
029-linear-algebra/025-EigenvalueAndEigenvectorCalculation.md,029-linear-algebra,P2,5.5,0,0,False,False,False,False,True
029-linear-algebra/014-SolutionExistenceDetermination.md,029-linear-algebra,P2,5.5,0,0,False,False,False,False,True
029-linear-algebra/036-SVD.md,029-linear-algebra,P2,5.5,0,0,False,False,False,False,True
029-linear-algebra/027-MatrixDiagonalization.md,029-linear-algebra,P2,5.7,0,0,False,False,False,False,True
029-linear-algebra/033-QuadraticFormExamples.md,029-linear-algebra,P2,5.7,0,0,False,False,False,False,True
029-linear-algebra/015-HomogeneousLinearSystem.md,029-linear-algebra,P2,5.7,0,0,False,False,False,False,True
029-linear-algebra/026-EigenvalueProperties.md,029-linear-algebra,P2,5.8,0,1,False,False,False,False,True
029-linear-algebra/011-ChunkingMatrix.md,029-linear-algebra,P2,5.8,0,0,False,False,False,False,True
029-linear-algebra/007-MatrixOperation.md,029-linear-algebra,P2,5.9,0,0,False,False,False,False,True
029-linear-algebra/037-MatrixDecompositionApplication.md,029-linear-algebra,P2,5.9,0,1,False,False,False,False,True
029-linear-algebra/009-ElementaryTransformationAndMatrix.md,029-linear-algebra,P2,6.0,0,1,False,False,False,False,True
029-linear-algebra/003-DeterminantRowColumnExpansion.md,029-linear-algebra,P2,6.0,0,0,False,False,False,False,True
029-linear-algebra/032-PositiveDefiniteQuadraticForm.md,029-linear-algebra,P2,6.0,0,0,False,False,False,False,True
029-linear-algebra/002-DeterminantBasicProperties.md,029-linear-algebra,P2,6.0,0,0,False,False,False,False,True
029-linear-algebra/017-SolutionStructure.md,029-linear-algebra,P2,6.1,0,0,False,False,False,False,True
029-linear-algebra/022-InnerProductAndOrthogonality.md,029-linear-algebra,P2,6.1,0,0,False,False,False,False,True
029-linear-algebra/023-GramSchmidtOrthogonalization.md,029-linear-algebra,P2,6.4,0,0,False,False,False,False,True
029-linear-algebra/012-MatrixExamples.md,029-linear-algebra,P2,6.4,0,0,False,False,False,False,True
029-linear-algebra/029-EigenvalueExamples.md,029-linear-algebra,P2,6.6,0,0,False,False,False,False,True
029-linear-algebra/021-CoordinateAndTransformation.md,029-linear-algebra,P2,6.6,0,1,False,False,False,False,True
029-linear-algebra/020-BasisAndDimension.md,029-linear-algebra,P2,6.7,0,0,False,False,False,False,True
029-linear-algebra/016-NonHomogeneousLinearSystem.md,029-linear-algebra,P2,6.9,0,0,False,False,False,False,True
029-linear-algebra/001-DeterminantDefinitionAndGeometry.md,029-linear-algebra,P2,7.3,0,0,False,False,False,False,True
029-linear-algebra/004-DeterminantCalculationMethods.md,029-linear-algebra,P2,7.5,0,1,False,False,False,False,True
029-linear-algebra/018-LinearSystemOfEquationsExamples.md,029-linear-algebra,P2,7.5,0,0,False,False,False,False,True
029-linear-algebra/019-LinearDependence.md,029-linear-algebra,P2,7.6,0,0,False,False,False,False,True
029-linear-algebra/006-DeterminantExamples.md,029-linear-algebra,P2,7.8,0,0,False,False,False,False,True
029-linear-algebra/024-VectorSpaceExamples.md,029-linear-algebra,P2,8.9,0,0,False,False,False,False,True
030-probability-statistics/026-ChebyshevInequality.md,030-probability-statistics,P2,3.8,0,0,False,False,False,False,True
030-probability-statistics/041-ZTest.md,030-probability-statistics,P2,3.9,0,1,False,False,False,False,True
030-probability-statistics/030-RandomSample.md,030-probability-statistics,P2,4.0,0,0,False,False,False,False,True
030-probability-statistics/044-FTest.md,030-probability-statistics,P2,4.1,0,0,False,False,False,False,True
030-probability-statistics/010-DistributionFunction.md,030-probability-statistics,P2,4.2,0,0,False,False,False,False,True
030-probability-statistics/017-RandomVariableIndependence.md,030-probability-statistics,P2,4.2,0,0,False,False,False,False,True
030-probability-statistics/037-IntervalEstimation.md,030-probability-statistics,P2,4.3,0,0,False,False,False,False,True
030-probability-statistics/022-Covariance.md,030-probability-statistics,P2,4.4,0,0,False,False,False,False,True
030-probability-statistics/031-Statistic.md,030-probability-statistics,P2,4.4,0,0,False,False,False,False,True
030-probability-statistics/015-MarginalDistribution.md,030-probability-statistics,P2,4.4,0,0,False,False,False,False,True
030-probability-statistics/016-ConditionalDistribution.md,030-probability-statistics,P2,4.5,0,0,False,False,False,False,True
030-probability-statistics/027-LawOfLargeNumbers.md,030-probability-statistics,P2,4.6,0,1,False,False,False,False,True
030-probability-statistics/020-MathematicalExpectation.md,030-probability-statistics,P2,4.7,0,0,False,False,False,False,True
030-probability-statistics/032-ThreeMajorDistributions.md,030-probability-statistics,P2,4.7,0,0,False,False,False,False,True
030-probability-statistics/021-VarianceAndStandardDeviation.md,030-probability-statistics,P2,4.7,0,1,False,False,False,False,True
030-probability-statistics/040-HypothesisTestingBasics.md,030-probability-statistics,P2,4.7,0,2,False,False,False,False,True
030-probability-statistics/033-NormalPopulationSamplingDistribution.md,030-probability-statistics,P2,4.7,0,1,False,False,False,False,True
030-probability-statistics/043-ChiSquareTest.md,030-probability-statistics,P2,4.8,0,0,False,False,False,False,True
030-probability-statistics/018-SumDistributionAndExtremeValueDistribution.md,030-probability-statistics,P2,4.8,0,1,False,False,False,False,True
030-probability-statistics/023-CorrelationCoefficient.md,030-probability-statistics,P2,4.8,0,0,False,False,False,False,True
030-probability-statistics/042-TTest.md,030-probability-statistics,P2,4.9,0,0,False,False,False,False,True
030-probability-statistics/004-ConditionalProbability.md,030-probability-statistics,P2,4.9,0,1,False,False,False,False,True
030-probability-statistics/035-PointEstimation.md,030-probability-statistics,P2,5.0,0,1,False,False,False,False,True
030-probability-statistics/036-EstimatorSelectionCriteria.md,030-probability-statistics,P2,5.0,0,0,False,False,False,False,True
030-probability-statistics/028-CentralLimitTheorem.md,030-probability-statistics,P2,5.1,0,0,False,False,False,False,True
030-probability-statistics/025-NumericalCharacteristicsExamples.md,030-probability-statistics,P2,5.2,0,0,False,False,False,False,True
030-probability-statistics/024-MomentAndCovarianceMatrix.md,030-probability-statistics,P2,5.3,0,0,False,False,False,False,True
030-probability-statistics/012-DistributionOfRandomVariableFunction.md,030-probability-statistics,P2,5.3,0,1,False,False,False,False,True
030-probability-statistics/014-JointDistribution.md,030-probability-statistics,P2,5.4,0,0,False,False,False,False,True
030-probability-statistics/003-GeometricProbability.md,030-probability-statistics,P2,5.4,0,0,False,False,False,False,True
030-probability-statistics/038-NormalPopulationParameterIntervalEstimation.md,030-probability-statistics,P2,5.8,0,0,False,False,False,False,True
030-probability-statistics/002-ClassicalProbability.md,030-probability-statistics,P2,5.9,0,2,False,False,False,False,True
030-probability-statistics/006-EventIndependence.md,030-probability-statistics,P2,5.9,0,0,False,False,False,False,True
030-probability-statistics/008-DiscreteRandomVariable.md,030-probability-statistics,P2,6.0,0,0,False,False,False,False,True
030-probability-statistics/009-ContinuousRandomVariable.md,030-probability-statistics,P2,6.0,0,0,False,False,False,False,True
030-probability-statistics/005-BayesFormula.md,030-probability-statistics,P2,6.0,0,1,False,False,False,False,True
030-probability-statistics/039-ParameterEstimationExamples.md,030-probability-statistics,P2,6.1,0,0,False,False,False,False,True
030-probability-statistics/029-LLNAndCLTExamples.md,030-probability-statistics,P2,6.2,0,0,False,False,False,False,True
030-probability-statistics/011-CommonDistributions.md,030-probability-statistics,P2,6.3,0,1,False,False,False,False,True
030-probability-statistics/034-SamplingDistributionExamples.md,030-probability-statistics,P2,6.5,0,0,False,False,False,False,True
030-probability-statistics/013-RandomVariableExamples.md,030-probability-statistics,P2,6.9,0,0,False,False,False,False,True
030-probability-statistics/019-MultivariateRandomVariableExamples.md,030-probability-statistics,P2,7.2,0,0,False,False,False,False,True
030-probability-statistics/007-ProbabilityBasicsExamples.md,030-probability-statistics,P2,8.0,0,0,False,False,False,False,True
030-probability-statistics/045-HypothesisTestingExamples.md,030-probability-statistics,P2,8.2,0,0,False,False,False,False,True
030-probability-statistics/001-SampleSpaceAndEvent.md,030-probability-statistics,P2,8.2,0,0,False,False,False,False,True
031-devops/024-KubernetesCoreDetailed.md,031-devops,P2,4.6,0,2,False,False,False,False,True
031-devops/031-OpenTelemetry.md,031-devops,P2,4.9,0,2,False,False,False,False,True
031-devops/025-HelmChartApplicationPackage.md,031-devops,P2,5.2,0,2,False,False,False,False,True
031-devops/032-GitOpsArgoCD.md,031-devops,P2,5.4,0,2,False,False,False,False,True
031-devops/027-AnsiblePlaybookConfigManagement.md,031-devops,P2,5.5,0,2,False,False,False,False,True
031-devops/026-Terraform.md,031-devops,P2,6.0,0,2,False,False,False,False,True
031-devops/030-ELKStackLogAnalysis.md,031-devops,P2,6.1,0,2,False,False,False,False,True
031-devops/028-Prometheus.md,031-devops,P2,6.2,0,2,False,False,False,False,True
031-devops/029-GrafanaTableConfig.md,031-devops,P2,6.2,0,2,False,False,False,False,True
031-devops/018-ContainerSecurity.md,031-devops,P2,6.3,0,0,False,False,False,False,True
031-devops/021-NetworkSecurityAdvanced.md,031-devops,P2,6.3,0,0,False,False,False,False,True
031-devops/017-Troubleshooting.md,031-devops,P2,6.5,0,0,False,False,False,False,True
031-devops/023-DockerfileMultiBuild.md,031-devops,P2,6.5,0,2,False,False,False,False,True
031-devops/010-PackageManagementRepository.md,031-devops,P2,6.6,0,0,False,False,False,False,True
031-devops/016-AutomationTest.md,031-devops,P2,6.7,0,0,False,False,False,False,True
031-devops/020-MonitorAndAlert.md,031-devops,P2,6.7,0,0,False,False,False,False,True
031-devops/015-HighAvailabilityArchitecture.md,031-devops,P2,6.8,0,2,False,False,False,False,True
031-devops/009-ShellScriptProgramming.md,031-devops,P2,6.9,0,0,False,False,False,False,True
031-devops/014-PerformanceTuning.md,031-devops,P2,7.4,0,0,False,False,False,False,True
031-devops/012-LogManagement.md,031-devops,P2,7.7,0,0,False,False,False,False,True
031-devops/022-DatabaseOps.md,031-devops,P2,7.7,0,2,False,False,False,False,True
031-devops/019-GitOpsCD.md,031-devops,P2,7.7,0,1,False,False,False,False,True
031-devops/011-ServiceMesh.md,031-devops,P2,8.3,0,0,False,False,False,False,True
031-devops/013-ConfigManagement.md,031-devops,P2,8.5,0,1,False,False,False,False,True
031-devops/003-ContainerDocker.md,031-devops,P2,11.2,0,2,False,False,False,False,True
031-devops/002-NetworkSecurity.md,031-devops,P2,11.4,0,0,False,False,False,False,True
031-devops/001-OverviewLinuxBasics.md,031-devops,P2,12.5,0,0,False,False,False,False,True
031-devops/006-MonitorAndObservability.md,031-devops,P2,12.5,0,0,False,False,False,False,True
031-devops/007-IaC.md,031-devops,P2,12.6,0,0,False,False,False,False,True
031-devops/005-CICDPipeline.md,031-devops,P2,12.7,0,2,False,False,False,False,True
031-devops/008-CloudNativeSRE.md,031-devops,P2,14.6,0,3,False,False,False,False,True
031-devops/004-Kubernetes.md,031-devops,P2,15.2,0,1,False,False,False,False,True
032-networking/012-DNSDHCP.md,032-networking,P2,1.7,0,0,False,False,False,False,True
032-networking/013-LoadBalanceTech.md,032-networking,P2,1.9,0,0,False,False,False,False,True
032-networking/008-SDNNetworkAutomation.md,032-networking,P2,2.9,0,0,False,False,False,False,True
032-networking/014-NetworkAutomation.md,032-networking,P2,3.2,0,0,False,False,False,False,True
032-networking/009-NetworkStorageTechnology.md,032-networking,P2,3.8,0,0,False,False,False,False,True
032-networking/011-NetworkDesignPlanning.md,032-networking,P2,4.3,0,0,False,False,False,False,True
032-networking/010-NetworkDiagnosis.md,032-networking,P2,4.5,0,0,False,False,False,False,True
032-networking/007-WirelessNetwork.md,032-networking,P2,4.7,0,0,False,False,False,False,True
032-networking/019-Tunneling.md,032-networking,P2,4.9,0,2,False,False,False,False,True
032-networking/021-BGP.md,032-networking,P2,5.0,0,2,False,False,False,False,True
032-networking/022-SDN.md,032-networking,P2,5.1,0,2,False,False,False,False,True
032-networking/020-NetworkTroubleshootTools.md,032-networking,P2,5.2,0,2,False,False,False,False,True
032-networking/016-HighAvailabilityLVS.md,032-networking,P2,5.3,0,2,False,False,False,False,True
032-networking/017-KeepalivedDualHotStandby.md,032-networking,P2,5.4,0,2,False,False,False,False,True
032-networking/006-NetworkSecurityTech.md,032-networking,P2,5.5,0,0,False,False,False,False,True
032-networking/018-NetworkNamespaceVirtualBridge.md,032-networking,P2,5.7,0,2,False,False,False,False,True
032-networking/015-LoadBalanceAlgorithm.md,032-networking,P2,6.1,0,2,False,False,False,False,True
032-networking/005-SwitchingAndRouting.md,032-networking,P2,6.8,0,2,False,False,False,False,True
032-networking/004-OSITCPIPModel.md,032-networking,P2,7.7,0,1,False,False,False,False,True
032-networking/001-NetworkBasicsAndProtocol.md,032-networking,P2,13.3,0,1,False,False,False,False,True
032-networking/002-NetworkSystemManagement.md,032-networking,P2,13.3,0,1,False,False,False,False,True
032-networking/003-NetworkWiringAndConstruction.md,032-networking,P2,13.6,0,0,False,False,False,False,True
033-cybersecurity/009-WebSecurityDeep.md,033-cybersecurity,P2,2.3,0,1,False,False,False,False,True
033-cybersecurity/008-CryptographyApplication.md,033-cybersecurity,P2,2.4,0,1,False,False,False,False,True
033-cybersecurity/013-CloudSecurity.md,033-cybersecurity,P2,2.7,0,0,False,False,False,False,True
033-cybersecurity/015-IncidentResponse.md,033-cybersecurity,P2,2.8,0,0,False,False,False,False,True
033-cybersecurity/010-SOC.md,033-cybersecurity,P2,3.2,0,0,False,False,False,False,True
033-cybersecurity/019-ComplianceAudit.md,033-cybersecurity,P2,3.5,0,1,False,False,False,False,True
033-cybersecurity/012-MalwareAnalysis.md,033-cybersecurity,P2,3.5,0,0,False,False,False,False,True
033-cybersecurity/018-SecureDevelopment.md,033-cybersecurity,P2,3.9,0,0,False,False,False,False,True
033-cybersecurity/006-SecurityModelFramework.md,033-cybersecurity,P2,4.0,0,1,False,False,False,False,True
033-cybersecurity/024-VulnerabilityScan.md,033-cybersecurity,P2,4.6,0,0,False,False,False,False,True
033-cybersecurity/023-InformationGathering.md,033-cybersecurity,P2,4.7,0,2,False,False,False,False,True
033-cybersecurity/034-VulnerabilityScanTools.md,033-cybersecurity,P2,4.8,0,2,False,False,False,False,True
033-cybersecurity/033-SecurityBaseline.md,033-cybersecurity,P2,4.8,0,2,False,False,False,False,True
033-cybersecurity/032-IdentityAccessManagement.md,033-cybersecurity,P2,5.0,0,2,False,False,False,False,True
033-cybersecurity/035-WAFRule.md,033-cybersecurity,P2,5.2,0,2,False,False,False,False,True
033-cybersecurity/022-PenetrationTestingMethodology.md,033-cybersecurity,P2,5.2,0,1,False,False,False,False,True
033-cybersecurity/029-XXEAttack.md,033-cybersecurity,P2,5.2,0,2,False,False,False,False,True
033-cybersecurity/030-DeserializationVulnerability.md,033-cybersecurity,P2,5.5,0,2,False,False,False,False,True
033-cybersecurity/025-SecureCodingPrinciples.md,033-cybersecurity,P2,5.7,0,1,False,False,False,False,True
033-cybersecurity/014-SymmetricEncryption.md,033-cybersecurity,P2,5.8,0,3,False,False,False,False,True
033-cybersecurity/017-HashAlgorithm.md,033-cybersecurity,P2,5.8,0,2,False,False,False,False,True
033-cybersecurity/007-CSRFAttack.md,033-cybersecurity,P2,5.8,0,1,False,False,False,False,True
033-cybersecurity/011-SSRFAttack.md,033-cybersecurity,P2,6.0,0,1,False,False,False,False,True
033-cybersecurity/028-OWASPTop10Detailed.md,033-cybersecurity,P2,6.0,0,2,False,False,False,False,True
033-cybersecurity/016-AsymmetricEncryption.md,033-cybersecurity,P2,6.0,0,3,False,False,False,False,True
033-cybersecurity/020-DigitalCertificate.md,033-cybersecurity,P2,6.1,0,1,False,False,False,False,True
033-cybersecurity/026-InputValidation.md,033-cybersecurity,P2,6.2,0,0,False,False,False,False,True
033-cybersecurity/005-XSSAttack.md,033-cybersecurity,P2,6.3,0,2,False,False,False,False,True
033-cybersecurity/031-ZeroTrustArchitecture.md,033-cybersecurity,P2,6.4,0,2,False,False,False,False,True
033-cybersecurity/027-AuthenticationAuthorization.md,033-cybersecurity,P2,6.5,0,3,False,False,False,False,True
033-cybersecurity/021-HTTPSPrinciple.md,033-cybersecurity,P2,8.0,0,1,False,False,False,False,True
033-cybersecurity/002-WebSecurityPenetrationTesting.md,033-cybersecurity,P2,11.0,0,2,False,False,False,False,True
033-cybersecurity/001-SecurityBasicsDefense.md,033-cybersecurity,P2,13.7,0,0,False,False,False,False,True
033-cybersecurity/004-SecurityToolsPractice.md,033-cybersecurity,P2,15.3,0,1,False,False,False,False,True
033-cybersecurity/003-BinarySecurityAndIncidentResponse.md,033-cybersecurity,P2,17.2,0,3,False,False,False,False,True
034-cloud-computing/008-PublicCloudPrivateCloudHybridCloud.md,034-cloud-computing,P2,4.1,0,0,False,False,False,False,True
034-cloud-computing/025-AWSCore.md,034-cloud-computing,P2,4.5,0,2,False,False,False,False,True
034-cloud-computing/005-IaaSPaaSSaaS.md,034-cloud-computing,P2,4.8,0,0,False,False,False,False,True
034-cloud-computing/026-MultiCloudHybridArchitecture.md,034-cloud-computing,P2,5.0,0,2,False,False,False,False,True
034-cloud-computing/009-DockerDeepAnalysis.md,034-cloud-computing,P2,5.2,0,0,False,False,False,False,True
034-cloud-computing/019-HelmPackageManagement.md,034-cloud-computing,P2,5.3,0,1,False,False,False,False,True
034-cloud-computing/017-KubernetesStorage.md,034-cloud-computing,P2,5.3,0,0,False,False,False,False,True
034-cloud-computing/015-KubernetesNetwork.md,034-cloud-computing,P2,5.3,0,1,False,False,False,False,True
034-cloud-computing/027-LoadBalanceAutoScaling.md,034-cloud-computing,P2,5.4,0,2,False,False,False,False,True
034-cloud-computing/028-ServerlessArchitecture.md,034-cloud-computing,P2,5.6,0,2,False,False,False,False,True
034-cloud-computing/021-TwelveFactorApp.md,034-cloud-computing,P2,5.6,0,2,False,False,False,False,True
034-cloud-computing/022-MicroserviceArchitecture.md,034-cloud-computing,P2,5.7,0,0,False,False,False,False,True
034-cloud-computing/023-ServiceMesh.md,034-cloud-computing,P2,5.9,0,1,False,False,False,False,True
034-cloud-computing/024-Observability.md,034-cloud-computing,P2,6.4,0,2,False,False,False,False,True
034-cloud-computing/029-CloudMigration6RStrategy.md,034-cloud-computing,P2,6.4,0,2,False,False,False,False,True
034-cloud-computing/013-KubernetesCore.md,034-cloud-computing,P2,6.4,0,1,False,False,False,False,True
034-cloud-computing/011-KubernetesArchitecture.md,034-cloud-computing,P2,7.0,0,1,False,False,False,False,True
034-cloud-computing/010-CloudNativeApp.md,034-cloud-computing,P2,13.2,0,1,False,False,False,False,True
034-cloud-computing/007-CloudArchitectureDesign.md,034-cloud-computing,P2,13.2,0,1,False,False,False,False,True
034-cloud-computing/014-CloudStorageService.md,034-cloud-computing,P2,13.3,0,0,False,False,False,False,True
034-cloud-computing/002-CloudNetworkStorage.md,034-cloud-computing,P2,14.9,0,1,False,False,False,False,True
034-cloud-computing/020-CloudCostOptimization.md,034-cloud-computing,P2,14.9,0,3,False,False,False,False,True
034-cloud-computing/012-CloudDatabaseService.md,034-cloud-computing,P2,15.1,0,1,False,False,False,False,True
034-cloud-computing/016-CloudNetworkService.md,034-cloud-computing,P2,15.3,0,1,False,False,False,False,True
034-cloud-computing/001-CloudComputingBasics.md,034-cloud-computing,P2,15.4,0,1,False,False,False,False,True
034-cloud-computing/003-ContainerOrchestration.md,034-cloud-computing,P2,15.4,0,0,False,False,False,False,True
034-cloud-computing/018-CloudSecurityService.md,034-cloud-computing,P2,15.5,0,0,False,False,False,False,True
034-cloud-computing/006-VirtualizationTech.md,034-cloud-computing,P2,18.1,0,1,False,False,False,False,True
034-cloud-computing/004-IaC.md,034-cloud-computing,P2,22.4,0,0,False,False,False,False,True
035-iot/009-MQTT.md,035-iot,P2,4.6,0,2,False,False,False,False,True
035-iot/019-DigitalTwin.md,035-iot,P2,5.2,0,2,False,False,False,False,True
035-iot/015-LwM2MManagement.md,035-iot,P2,5.5,0,2,False,False,False,False,True
035-iot/014-AI.md,035-iot,P2,5.6,0,1,False,False,False,False,True
035-iot/017-IoTSecurity.md,035-iot,P2,5.6,0,2,False,False,False,False,True
035-iot/016-TimeSeriesDatabase.md,035-iot,P2,5.7,0,2,False,False,False,False,True
035-iot/010-CoAP.md,035-iot,P2,5.8,0,3,False,False,False,False,True
035-iot/011-ArduinoDevelopment.md,035-iot,P2,6.0,0,2,False,False,False,False,True
035-iot/018-IoT.md,035-iot,P2,6.0,0,2,False,False,False,False,True
035-iot/013-RTThread.md,035-iot,P2,6.3,0,2,False,False,False,False,True
035-iot/012-ESP32Development.md,035-iot,P2,6.3,0,1,False,False,False,False,True
035-iot/001-OverviewArchitecture.md,035-iot,P2,9.0,0,1,False,False,False,False,True
035-iot/005-IoT.md,035-iot,P2,11.6,0,1,False,False,False,False,True
035-iot/004-EdgeComputing.md,035-iot,P2,11.9,0,0,False,False,False,False,True
035-iot/002-SensorEmbedded.md,035-iot,P2,12.2,0,1,False,False,False,False,True
035-iot/006-DataProcessingAnalysis.md,035-iot,P2,13.5,0,2,False,False,False,False,True
035-iot/003-CommunicationProtocol.md,035-iot,P2,13.7,0,1,False,False,False,False,True
035-iot/007-SecurityAndPrivacy.md,035-iot,P2,14.5,0,2,False,False,False,False,True
035-iot/008-PracticeProject.md,035-iot,P2,17.4,0,1,False,False,False,False,True
036-software-testing/005-TestConceptPrinciple.md,036-software-testing,P2,4.7,0,0,False,False,False,False,True
036-software-testing/007-TestType.md,036-software-testing,P2,5.3,0,2,False,False,False,False,True
036-software-testing/009-BoundaryValueAnalysis.md,036-software-testing,P2,5.3,0,2,False,False,False,False,True
036-software-testing/014-JMeter.md,036-software-testing,P2,5.4,0,0,False,False,False,False,True
036-software-testing/011-Pytest.md,036-software-testing,P2,5.5,0,0,False,False,False,False,True
036-software-testing/010-Selenium.md,036-software-testing,P2,5.7,0,1,False,False,False,False,True
036-software-testing/019-SecurityTesting.md,036-software-testing,P2,5.8,0,2,False,False,False,False,True
036-software-testing/008-EquivalenceClassPartition.md,036-software-testing,P2,5.8,0,1,False,False,False,False,True
036-software-testing/006-TestLevels.md,036-software-testing,P2,5.8,0,1,False,False,False,False,True
036-software-testing/022-CICDTest.md,036-software-testing,P2,5.9,0,2,False,False,False,False,True
036-software-testing/012-JUnit5.md,036-software-testing,P2,5.9,0,0,False,False,False,False,True
036-software-testing/021-TDDBDD.md,036-software-testing,P2,6.3,0,2,False,False,False,False,True
036-software-testing/016-AutomationTestFrameworkComparison.md,036-software-testing,P2,6.4,0,2,False,False,False,False,True
036-software-testing/020-TestDouble.md,036-software-testing,P2,6.5,0,2,False,False,False,False,True
036-software-testing/013-APIAutomationTest.md,036-software-testing,P2,6.5,0,0,False,False,False,False,True
036-software-testing/015-WhiteBoxTestCoverage.md,036-software-testing,P2,6.6,0,2,False,False,False,False,True
036-software-testing/017-APIAutomationTestDetailed.md,036-software-testing,P2,6.6,0,2,False,False,False,False,True
036-software-testing/018-StressAndStabilityTest.md,036-software-testing,P2,7.1,0,2,False,False,False,False,True
036-software-testing/003-PerformanceInterfaceTest.md,036-software-testing,P2,13.0,0,1,False,False,False,False,True
036-software-testing/001-TestBasicsMethod.md,036-software-testing,P2,13.2,0,0,False,False,False,False,True
036-software-testing/004-SecurityAndMobileTest.md,036-software-testing,P2,14.8,0,1,False,False,False,False,True
036-software-testing/002-FunctionalAndAutomatedTest.md,036-software-testing,P2,16.6,0,1,False,False,False,False,True
037-software-engineering/001-SoftwareEngineeringOverview.md,037-software-engineering,P2,4.2,0,1,False,False,False,False,True
037-software-engineering/009-TechDebtManagement.md,037-software-engineering,P2,4.9,0,1,False,False,False,False,True
037-software-engineering/008-SoftwareMetrics.md,037-software-engineering,P2,5.0,0,0,False,False,False,False,True
037-software-engineering/010-DevOpsCICDIntegration.md,037-software-engineering,P2,5.3,0,0,False,False,False,False,True
037-software-engineering/006-Refactoring.md,037-software-engineering,P2,5.3,0,0,False,False,False,False,True
037-software-engineering/003-RequirementAnalysisMethod.md,037-software-engineering,P2,5.5,0,0,False,False,False,False,True
037-software-engineering/007-SoftwareTestMethod.md,037-software-engineering,P2,5.6,0,0,False,False,False,False,True
037-software-engineering/005-DesignPatternDetailed.md,037-software-engineering,P2,6.4,0,1,False,False,False,False,True
037-software-engineering/002-AgileDevelopment.md,037-software-engineering,P2,6.8,0,0,False,False,False,False,True
037-software-engineering/004-UMLGraphDetailed.md,037-software-engineering,P2,8.3,0,0,False,False,False,False,True
038-software-architecture/005-QualityAttribute.md,038-software-architecture,P2,3.5,0,1,False,False,False,False,True
038-software-architecture/006-CAP.md,038-software-architecture,P2,3.9,0,0,False,False,False,False,True
038-software-architecture/002-LayeredArchitecture.md,038-software-architecture,P2,4.0,0,1,False,False,False,False,True
038-software-architecture/008-ArchitectureEvaluation.md,038-software-architecture,P2,4.0,0,0,False,False,False,False,True
038-software-architecture/003-MicroserviceArchitecture.md,038-software-architecture,P2,4.3,0,0,False,False,False,False,True
038-software-architecture/001-SoftwareArchitectureOverview.md,038-software-architecture,P2,4.4,0,1,False,False,False,False,True
038-software-architecture/004-EventDrivenArchitecture.md,038-software-architecture,P2,5.1,0,0,False,False,False,False,True
038-software-architecture/007-DDD.md,038-software-architecture,P2,5.6,0,0,False,False,False,False,True
039-engineering-practices/001-EngineeringPracticeOverview.md,039-engineering-practices,P2,2.2,0,1,False,False,False,False,True
039-engineering-practices/005-IncidentRetrospectiveMethodology.md,039-engineering-practices,P2,3.0,0,1,False,False,False,False,True
039-engineering-practices/006-TechnicalReview.md,039-engineering-practices,P2,3.1,0,0,False,False,False,False,True
039-engineering-practices/002-DesignDocumentStandard.md,039-engineering-practices,P2,3.2,0,1,False,False,False,False,True
039-engineering-practices/004-OnCallPractice.md,039-engineering-practices,P2,3.8,0,3,False,False,False,False,True
039-engineering-practices/007-KnowledgeManagement.md,039-engineering-practices,P2,4.0,0,1,False,False,False,False,True
039-engineering-practices/003-CodeReviewChecklist.md,039-engineering-practices,P2,4.1,0,1,False,False,False,False,True
051-data-analysis/010-DataAnalysisWorkflow.md,051-data-analysis,P2,5.4,0,2,False,False,False,False,True
051-data-analysis/016-MatplotlibSubGraph.md,051-data-analysis,P2,5.4,0,2,False,False,False,False,True
051-data-analysis/015-NumPyMechanism.md,051-data-analysis,P2,5.4,0,3,False,False,False,False,True
051-data-analysis/021-BusinessIntelligence.md,051-data-analysis,P2,5.7,0,2,False,False,False,False,True
051-data-analysis/013-PandasGroupAggregate.md,051-data-analysis,P2,5.9,0,2,False,False,False,False,True
051-data-analysis/014-PandasTimeSequence.md,051-data-analysis,P2,6.0,0,2,False,False,False,False,True
051-data-analysis/020-RegressionAnalysis.md,051-data-analysis,P2,6.0,0,2,False,False,False,False,True
051-data-analysis/019-CorrelationAnalysis.md,051-data-analysis,P2,6.0,0,3,False,False,False,False,True
051-data-analysis/012-FeatureEngineering.md,051-data-analysis,P2,6.0,0,2,False,False,False,False,True
051-data-analysis/022-AutomationTable.md,051-data-analysis,P2,6.2,0,2,False,False,False,False,True
051-data-analysis/017-SeabornStatsGraphTable.md,051-data-analysis,P2,6.2,0,2,False,False,False,False,True
051-data-analysis/018-HypothesisTestingDetailed.md,051-data-analysis,P2,6.4,0,2,False,False,False,False,True
051-data-analysis/011-DataCleaningDetailed.md,051-data-analysis,P2,6.8,0,2,False,False,False,False,True
051-data-analysis/001-DataAnalysisOverview.md,051-data-analysis,P2,18.7,0,6,False,False,False,False,True
051-data-analysis/009-DataAnalysisAdvancedPractice.md,051-data-analysis,P2,20.4,0,3,False,False,False,False,True
051-data-analysis/007-DataCleaningMissingOutlierTypeConversion.md,051-data-analysis,P2,21.8,0,3,False,False,False,False,True
051-data-analysis/005-Seaborn.md,051-data-analysis,P2,22.0,0,2,False,False,False,False,True
051-data-analysis/006-StatisticsDescriptiveInferentialHypothesisTesting.md,051-data-analysis,P2,23.6,0,2,False,False,False,False,True
051-data-analysis/008-EcommerceUserBehaviorAnalysis.md,051-data-analysis,P2,24.1,0,2,False,False,False,False,True
051-data-analysis/004-Matplotlib.md,051-data-analysis,P2,24.3,0,1,False,False,False,False,True
051-data-analysis/002-NumPy.md,051-data-analysis,P2,25.5,0,2,False,False,False,False,True
051-data-analysis/003-PandasDataFrameSeriesDataCleaningMerge.md,051-data-analysis,P2,27.9,0,3,False,False,False,False,True
052-big-data/003-MapReduce.md,052-big-data,P2,7.7,0,1,False,False,False,False,True
052-big-data/005-SparkStreaming.md,052-big-data,P2,8.0,0,2,False,False,False,False,True
052-big-data/007-HBaseDatabase.md,052-big-data,P2,8.3,0,2,False,False,False,False,True
052-big-data/001-DataOverview.md,052-big-data,P2,8.4,0,0,False,False,False,False,True
052-big-data/006-HiveDataWarehouse.md,052-big-data,P2,8.9,0,1,False,False,False,False,True
052-big-data/004-SparkCore.md,052-big-data,P2,9.1,0,2,False,False,False,False,True
052-big-data/010-DataLake.md,052-big-data,P2,9.1,0,1,False,False,False,False,True
052-big-data/002-HDFSDistributedFileSystem.md,052-big-data,P2,9.2,0,1,False,False,False,False,True
052-big-data/008-KafkaMessageQueue.md,052-big-data,P2,9.7,0,1,False,False,False,False,True
052-big-data/011-Zookeeper.md,052-big-data,P2,9.8,0,1,False,False,False,False,True
052-big-data/012-YARNManagement.md,052-big-data,P2,9.8,0,1,False,False,False,False,True
052-big-data/009-FlinkStreamHandling.md,052-big-data,P2,10.4,0,1,False,False,False,False,True
